rule_id,port_id,relation,node_or_tag,kind
AL-GT-FLOW-L,IN-01,INPUT,vppGTExhaustMassFlowState,RAW_NODE
AL-GT-FLOW-L,OUT-01,OUTPUT,GT.EXHAUST.FLOW.L,DERIVED_TAG
AL-GT-FLOW-LL,IN-01,INPUT,vppGTExhaustMassFlowState,RAW_NODE
AL-GT-FLOW-LL,OUT-01,OUTPUT,GT.EXHAUST.FLOW.LL,DERIVED_TAG
AL-GT-TEMP-L,IN-01,INPUT,vppGTExhaustTemperatureK,RAW_NODE
AL-GT-TEMP-L,OUT-01,OUTPUT,GT.EXHAUST.TEMP.L,DERIVED_TAG
AL-GT-TEMP-LL,IN-01,INPUT,vppGTExhaustTemperatureK,RAW_NODE
AL-GT-TEMP-LL,OUT-01,OUTPUT,GT.EXHAUST.TEMP.LL,DERIVED_TAG
AL-HP-FLOW-L,IN-01,INPUT,vppHPTurbineSteamFlowTH,RAW_NODE
AL-HP-FLOW-L,OUT-01,OUTPUT,HRSG.HP.STEAM.FLOW.L,DERIVED_TAG
AL-HP-FLOW-LL,IN-01,INPUT,vppHPTurbineSteamFlowTH,RAW_NODE
AL-HP-FLOW-LL,OUT-01,OUTPUT,HRSG.HP.STEAM.FLOW.LL,DERIVED_TAG
AL-HP-LEVEL-H,IN-01,INPUT,vppHPDrumLevelM,RAW_NODE
AL-HP-LEVEL-H,OUT-01,OUTPUT,HRSG.HP.DRUM.LEVEL.H,DERIVED_TAG
AL-HP-LEVEL-HH,IN-01,INPUT,vppHPDrumLevelM,RAW_NODE
AL-HP-LEVEL-HH,OUT-01,OUTPUT,HRSG.HP.DRUM.LEVEL.HH,DERIVED_TAG
AL-HP-LEVEL-L,IN-01,INPUT,vppHPDrumLevelM,RAW_NODE
AL-HP-LEVEL-L,OUT-01,OUTPUT,HRSG.HP.DRUM.LEVEL.L,DERIVED_TAG
AL-HP-LEVEL-LL,IN-01,INPUT,vppHPDrumLevelM,RAW_NODE
AL-HP-LEVEL-LL,OUT-01,OUTPUT,HRSG.HP.DRUM.LEVEL.LL,DERIVED_TAG
AL-HP-PRESS-L,IN-01,INPUT,vppHPDrumPressurePa,RAW_NODE
AL-HP-PRESS-L,OUT-01,OUTPUT,HRSG.HP.DRUM.PRESS.L,DERIVED_TAG
AL-HP-PRESS-LL,IN-01,INPUT,vppHPDrumPressurePa,RAW_NODE
AL-HP-PRESS-LL,OUT-01,OUTPUT,HRSG.HP.DRUM.PRESS.LL,DERIVED_TAG
AL-IP-FLOW-L,IN-01,INPUT,vppIPTurbineSteamFlowTH,RAW_NODE
AL-IP-FLOW-L,OUT-01,OUTPUT,HRSG.IP.STEAM.FLOW.L,DERIVED_TAG
AL-IP-FLOW-LL,IN-01,INPUT,vppIPTurbineSteamFlowTH,RAW_NODE
AL-IP-FLOW-LL,OUT-01,OUTPUT,HRSG.IP.STEAM.FLOW.LL,DERIVED_TAG
AL-IP-LEVEL-H,IN-01,INPUT,vppIPDrumLevelM,RAW_NODE
AL-IP-LEVEL-H,OUT-01,OUTPUT,HRSG.IP.DRUM.LEVEL.H,DERIVED_TAG
AL-IP-LEVEL-HH,IN-01,INPUT,vppIPDrumLevelM,RAW_NODE
AL-IP-LEVEL-HH,OUT-01,OUTPUT,HRSG.IP.DRUM.LEVEL.HH,DERIVED_TAG
AL-IP-LEVEL-L,IN-01,INPUT,vppIPDrumLevelM,RAW_NODE
AL-IP-LEVEL-L,OUT-01,OUTPUT,HRSG.IP.DRUM.LEVEL.L,DERIVED_TAG
AL-IP-LEVEL-LL,IN-01,INPUT,vppIPDrumLevelM,RAW_NODE
AL-IP-LEVEL-LL,OUT-01,OUTPUT,HRSG.IP.DRUM.LEVEL.LL,DERIVED_TAG
AL-IP-PRESS-L,IN-01,INPUT,vppIPDrumPressurePa,RAW_NODE
AL-IP-PRESS-L,OUT-01,OUTPUT,HRSG.IP.DRUM.PRESS.L,DERIVED_TAG
AL-IP-PRESS-LL,IN-01,INPUT,vppIPDrumPressurePa,RAW_NODE
AL-IP-PRESS-LL,OUT-01,OUTPUT,HRSG.IP.DRUM.PRESS.LL,DERIVED_TAG
AL-LP-FLOW-L,IN-01,INPUT,vppLPTurbineSteamFlowTH,RAW_NODE
AL-LP-FLOW-L,OUT-01,OUTPUT,HRSG.LP.STEAM.FLOW.L,DERIVED_TAG
AL-LP-FLOW-LL,IN-01,INPUT,vppLPTurbineSteamFlowTH,RAW_NODE
AL-LP-FLOW-LL,OUT-01,OUTPUT,HRSG.LP.STEAM.FLOW.LL,DERIVED_TAG
AL-LP-LEVEL-H,IN-01,INPUT,vppLPDrumLevelM,RAW_NODE
AL-LP-LEVEL-H,OUT-01,OUTPUT,HRSG.LP.DRUM.LEVEL.H,DERIVED_TAG
AL-LP-LEVEL-HH,IN-01,INPUT,vppLPDrumLevelM,RAW_NODE
AL-LP-LEVEL-HH,OUT-01,OUTPUT,HRSG.LP.DRUM.LEVEL.HH,DERIVED_TAG
AL-LP-LEVEL-L,IN-01,INPUT,vppLPDrumLevelM,RAW_NODE
AL-LP-LEVEL-L,OUT-01,OUTPUT,HRSG.LP.DRUM.LEVEL.L,DERIVED_TAG
AL-LP-LEVEL-LL,IN-01,INPUT,vppLPDrumLevelM,RAW_NODE
AL-LP-LEVEL-LL,OUT-01,OUTPUT,HRSG.LP.DRUM.LEVEL.LL,DERIVED_TAG
AL-LP-PRESS-L,IN-01,INPUT,vppLPDrumPressurePa,RAW_NODE
AL-LP-PRESS-L,OUT-01,OUTPUT,HRSG.LP.DRUM.PRESS.L,DERIVED_TAG
AL-LP-PRESS-LL,IN-01,INPUT,vppLPDrumPressurePa,RAW_NODE
AL-LP-PRESS-LL,OUT-01,OUTPUT,HRSG.LP.DRUM.PRESS.LL,DERIVED_TAG
CMD-FWP-HP-RESET,IN-01,INPUT,vppHPFWPResetPushbuttonNative,RAW_NODE
CMD-FWP-HP-RESET,OUT-01,OUTPUT,vppHPFWPTripLatchNative,RAW_NODE
CMD-FWP-HP-TRIP,IN-01,INPUT,vppHPFWPTripPushbuttonNative,RAW_NODE
CMD-FWP-HP-TRIP,OUT-01,OUTPUT,vppHPFWPTripCommandNative,RAW_NODE
CMD-FWP-HP-TRIP,OUT-02,OUTPUT,vppHPFWPTripLatchNative,RAW_NODE
CMD-FWP-HP-TRIP,OUT-03,OUTPUT,vppVCBA01TripCommandNative,RAW_NODE
CMD-FWP-IP-RESET,IN-01,INPUT,vppIPFWPResetPushbuttonNative,RAW_NODE
CMD-FWP-IP-RESET,OUT-01,OUTPUT,vppIPFWPTripLatchNative,RAW_NODE
CMD-FWP-IP-TRIP,IN-01,INPUT,vppIPFWPTripPushbuttonNative,RAW_NODE
CMD-FWP-IP-TRIP,OUT-01,OUTPUT,vppIPFWPTripCommandNative,RAW_NODE
CMD-FWP-IP-TRIP,OUT-02,OUTPUT,vppIPFWPTripLatchNative,RAW_NODE
CMD-FWP-IP-TRIP,OUT-03,OUTPUT,vppVCBB01TripCommandNative,RAW_NODE
CMD-FWP-LP-RESET,IN-01,INPUT,vppLPFWPResetPushbuttonNative,RAW_NODE
CMD-FWP-LP-RESET,OUT-01,OUTPUT,vppLPFWPTripLatchNative,RAW_NODE
CMD-FWP-LP-TRIP,IN-01,INPUT,vppLPFWPTripPushbuttonNative,RAW_NODE
CMD-FWP-LP-TRIP,OUT-01,OUTPUT,vppLPFWPTripCommandNative,RAW_NODE
CMD-FWP-LP-TRIP,OUT-02,OUTPUT,vppLPFWPTripLatchNative,RAW_NODE
CMD-FWP-LP-TRIP,OUT-03,OUTPUT,vppVCBA02TripCommandNative,RAW_NODE
PROT-DIRECT-GT,IN-01,INPUT,vppExternalTripCommandNative,RAW_NODE
PROT-DIRECT-GT,OUT-01,OUTPUT,vppCauseDirectGTTrip,RAW_NODE
PROT-DIRECT-ST,IN-01,INPUT,vppExternalSTTripCommandNative,RAW_NODE
PROT-DIRECT-ST,OUT-01,OUTPUT,vppCauseDirectSTTrip,RAW_NODE
PROT-GT-BRK-OPEN,IN-01,INPUT,vppECMS52GTClosedCommandNative,RAW_NODE
PROT-GT-BRK-OPEN,IN-02,INPUT,vppGTTripLatchInternal,RAW_NODE
PROT-GT-BRK-OPEN,OUT-01,OUTPUT,vppCauseGTBreakerOpenWhileRunning,RAW_NODE
PROT-GT-LATCH,IN-01,INPUT,vppGTTripRequest,RAW_NODE
PROT-GT-LATCH,IN-02,INPUT,vppGTTripResetNative,RAW_NODE
PROT-GT-LATCH,OUT-01,OUTPUT,vppGTTripLatch,RAW_NODE
PROT-GT-REQUEST,IN-01,INPUT,vppCauseDirectGTTrip,RAW_NODE
PROT-GT-REQUEST,IN-02,INPUT,vppCauseGTBreakerOpenWhileRunning,RAW_NODE
PROT-GT-REQUEST,IN-03,INPUT,vppCauseHPDrumLL,RAW_NODE
PROT-GT-REQUEST,IN-04,INPUT,vppCauseIPDrumLL,RAW_NODE
PROT-GT-REQUEST,IN-05,INPUT,vppCauseLPDrumLL,RAW_NODE
PROT-GT-REQUEST,OUT-01,OUTPUT,vppGTTripRequest,RAW_NODE
PROT-HP-DRUM-HH,IN-01,INPUT,vppHPDrumHHRaw,RAW_NODE
PROT-HP-DRUM-HH,OUT-01,OUTPUT,vppCauseHPDrumHH,RAW_NODE
PROT-HP-DRUM-LL,IN-01,INPUT,vppHPDrumLLRaw,RAW_NODE
PROT-HP-DRUM-LL,OUT-01,OUTPUT,vppCauseHPDrumLL,RAW_NODE
PROT-IP-DRUM-HH,IN-01,INPUT,vppIPDrumHHRaw,RAW_NODE
PROT-IP-DRUM-HH,OUT-01,OUTPUT,vppCauseIPDrumHH,RAW_NODE
PROT-IP-DRUM-LL,IN-01,INPUT,vppIPDrumLLRaw,RAW_NODE
PROT-IP-DRUM-LL,OUT-01,OUTPUT,vppCauseIPDrumLL,RAW_NODE
PROT-LP-DRUM-HH,IN-01,INPUT,vppLPDrumHHRaw,RAW_NODE
PROT-LP-DRUM-HH,OUT-01,OUTPUT,vppCauseLPDrumHH,RAW_NODE
PROT-LP-DRUM-LL,IN-01,INPUT,vppLPDrumLLRaw,RAW_NODE
PROT-LP-DRUM-LL,OUT-01,OUTPUT,vppCauseLPDrumLL,RAW_NODE
PROT-ST-LATCH,IN-01,INPUT,vppSTTripRequest,RAW_NODE
PROT-ST-LATCH,IN-02,INPUT,vppSTTripResetNative,RAW_NODE
PROT-ST-LATCH,OUT-01,OUTPUT,vppSTTripLatchPublished,RAW_NODE
PROT-ST-REQUEST,IN-01,INPUT,vppCauseDirectGTTrip,RAW_NODE
PROT-ST-REQUEST,IN-02,INPUT,vppCauseDirectSTTrip,RAW_NODE
PROT-ST-REQUEST,IN-03,INPUT,vppCauseGTBreakerOpenWhileRunning,RAW_NODE
PROT-ST-REQUEST,IN-04,INPUT,vppCauseHPDrumHH,RAW_NODE
PROT-ST-REQUEST,IN-05,INPUT,vppCauseIPDrumHH,RAW_NODE
PROT-ST-REQUEST,IN-06,INPUT,vppCauseLPDrumHH,RAW_NODE
PROT-ST-REQUEST,IN-07,INPUT,vppCauseHPDrumLL,RAW_NODE
PROT-ST-REQUEST,IN-08,INPUT,vppCauseIPDrumLL,RAW_NODE
PROT-ST-REQUEST,IN-09,INPUT,vppCauseLPDrumLL,RAW_NODE
PROT-ST-REQUEST,OUT-01,OUTPUT,vppSTTripRequest,RAW_NODE
RESP-GT-POWER,IN-01,INPUT,vpp52GTClosed,RAW_NODE
RESP-GT-POWER,OUT-01,OUTPUT,vppGTGPowerMW,RAW_NODE
RESP-GT-SPEED,IN-01,INPUT,vpp52GTClosed,RAW_NODE
RESP-GT-SPEED,OUT-01,OUTPUT,vppGTGSpeedRPM,RAW_NODE
RESP-ST-GRID-POWER,IN-01,INPUT,vpp52STClosed,RAW_NODE
RESP-ST-GRID-POWER,OUT-01,OUTPUT,vppSTGridPowerMW,RAW_NODE
SEQ-52GT-OPEN,IN-01,INPUT,vppGTTripLatch,RAW_NODE
SEQ-52GT-OPEN,IN-02,INPUT,vppECMS52GTClosedCommandNative,RAW_NODE
SEQ-52GT-OPEN,OUT-01,OUTPUT,vpp52GTClosed,RAW_NODE
SEQ-52GT-TRIPCMD,IN-01,INPUT,vppGTTripLatch,RAW_NODE
SEQ-52GT-TRIPCMD,OUT-01,OUTPUT,vpp52GTTripCmd,RAW_NODE
SEQ-52ST-OPEN,IN-01,INPUT,vppSTTripLatchPublished,RAW_NODE
SEQ-52ST-OPEN,IN-02,INPUT,vppECMS52STClosedCommandNative,RAW_NODE
SEQ-52ST-OPEN,OUT-01,OUTPUT,vpp52STClosed,RAW_NODE
SEQ-52ST-TRIPCMD,IN-01,INPUT,vppSTTripLatchPublished,RAW_NODE
SEQ-52ST-TRIPCMD,OUT-01,OUTPUT,vpp52STTripCmd,RAW_NODE
