schema_version,run_id,sequence,same_time_order,event_time_s,event_time_ns,source_time_s,platform_time_s,system,source,tag,event_type,state,old_value,new_value,severity,priority,message,quality,logic_status,provenance
TRIPLENS_EVENT_V1,EXAMPLE-FWP-HP-ACTUAL-TRANSITIONS,1,1,18.000000000,18000000000,18.000000000,18.000000000,ECMS,FWP_HP_TRIP_REQUEST,ECMS.FWP-HP.TRIP.REQUEST,TRIP,ACTIVE,0,1,TRIP,P1,FWP-HP 트립 요청 입력,GOOD,RND_VALIDATED_NOT_PLANT_APPROVED,ECMS_SIMULINK_STATE_TRANSITION:FWP-HP-003
TRIPLENS_EVENT_V1,EXAMPLE-FWP-HP-ACTUAL-TRANSITIONS,2,2,18.000000000,18000000000,18.000000000,18.000000000,ECMS,FWP_HP_RUN_ENABLE_CMD,ECMS.FWP-HP.RUN.ENABLE,STATE,INACTIVE,1,0,WARNING,P3,FWP-HP 운전 허용 해제,GOOD,RND_VALIDATED_NOT_PLANT_APPROVED,ECMS_SIMULINK_STATE_TRANSITION:FWP-HP-007
TRIPLENS_EVENT_V1,EXAMPLE-FWP-HP-ACTUAL-TRANSITIONS,3,3,18.000000000,18000000000,18.000000000,18.000000000,ECMS,FWP_HP_TRIP_LATCHED,ECMS.FWP-HP.TRIP.LATCHED,TRIP,ACTIVE,0,1,TRIP,P1,FWP-HP 트립 래치 동작,GOOD,RND_VALIDATED_NOT_PLANT_APPROVED,ECMS_SIMULINK_STATE_TRANSITION:FWP-HP-008
TRIPLENS_EVENT_V1,EXAMPLE-FWP-HP-ACTUAL-TRANSITIONS,4,4,18.000000000,18000000000,18.000000000,18.000000000,ECMS,VCB_A01_TRIP_CMD,ECMS.VCB-A01.TRIP.CMD,TRIP,ACTIVE,0,1,TRIP,P1,VCB-A01 트립 명령 출력,GOOD,RND_VALIDATED_NOT_PLANT_APPROVED,ECMS_SIMULINK_STATE_TRANSITION:FWP-HP-010
TRIPLENS_EVENT_V1,EXAMPLE-FWP-HP-ACTUAL-TRANSITIONS,5,5,18.000000000,18000000000,18.000000000,18.000000000,ECMS,FWP_HP_RUNNING,ECMS.FWP-HP.RUNNING,STATE,INACTIVE,1,0,WARNING,P3,FWP-HP 운전 상태 해제,GOOD,RND_VALIDATED_NOT_PLANT_APPROVED,ECMS_SIMULINK_STATE_TRANSITION:FWP-HP-015
TRIPLENS_EVENT_V1,EXAMPLE-FWP-HP-ACTUAL-TRANSITIONS,6,6,18.000000000,18000000000,18.000000000,18.000000000,ECMS,FWP_HP_TRIPPED,ECMS.FWP-HP.TRIPPED,TRIP,ACTIVE,0,1,TRIP,P1,FWP-HP 트립 상태 진입,GOOD,RND_VALIDATED_NOT_PLANT_APPROVED,ECMS_SIMULINK_STATE_TRANSITION:FWP-HP-016
TRIPLENS_EVENT_V1,EXAMPLE-FWP-HP-ACTUAL-TRANSITIONS,7,1,18.002000000,18002000000,18.002000000,18.002000000,ECMS,FWP_HP_RUN_FB,ECMS.FWP-HP.RUN.FB,STATE,STOPPED,1,0,WARNING,P3,FWP-HP 운전 피드백 상실,GOOD,RND_VALIDATED_NOT_PLANT_APPROVED,ECMS_SIMULINK_STATE_TRANSITION:FWP-HP-019
TRIPLENS_EVENT_V1,EXAMPLE-FWP-HP-ACTUAL-TRANSITIONS,8,1,18.081000000,18081000000,18.081000000,18.081000000,ECMS,VCB_A01_CLOSED,ECMS.VCB-A01.CLOSED,BREAKER,OPEN,1,0,TRIP,P1,VCB-A01 개방,GOOD,RND_VALIDATED_NOT_PLANT_APPROVED,ECMS_SIMULINK_STATE_TRANSITION:FWP-HP-012
TRIPLENS_EVENT_V1,EXAMPLE-FWP-HP-ACTUAL-TRANSITIONS,9,1,18.100000000,18100000000,18.100000000,18.100000000,ECMS,FWP_HP_SPEED_PROVEN,ECMS.FWP-HP.SPEED.PROVEN,STATE,LOST,1,0,WARNING,P2,FWP-HP 속도 확인 상실,GOOD,RND_VALIDATED_NOT_PLANT_APPROVED,ECMS_SIMULINK_STATE_TRANSITION:FWP-HP-021
