rule_id,event_class,priority,equipment,tag,source_node,active_when,active_threshold,return_threshold,unit,active_message,return_message,enabled,delay_s
GT_TRIP_LATCH,PROTECTION,CRITICAL,GT,TRIP_LATCH,vppGTTripLatch,HIGH,0.5,0.5,BOOL,GT TRIP LATCH ACTIVE,GT TRIP LATCH RESET,1,0
GT_BREAKER_OPEN,PROTECTION,HIGH,52GT,BREAKER_OPEN,vpp52GTClosed,LOW,0.5,0.5,BOOL,52GT BREAKER OPEN,52GT BREAKER CLOSED,1,0
ST_TRIP_LATCH,PROTECTION,CRITICAL,ST,TRIP_LATCH,vppSTTripLatchPublished,HIGH,0.5,0.5,BOOL,ST TRIP LATCH ACTIVE,ST TRIP LATCH RESET,1,0
ST_BREAKER_OPEN,PROTECTION,HIGH,52ST,BREAKER_OPEN,vpp52STClosed,LOW,0.5,0.5,BOOL,52ST BREAKER OPEN,52ST BREAKER CLOSED,1,0
CB_IN_A_OPEN,PROTECTION,HIGH,CB-IN-A,BREAKER_OPEN,vppECMSCBInAClosed,LOW,0.5,0.5,BOOL,CB-IN-A OPEN,CB-IN-A CLOSED,1,0
CB_IN_B_OPEN,PROTECTION,HIGH,CB-IN-B,BREAKER_OPEN,vppECMSCBInBClosed,LOW,0.5,0.5,BOOL,CB-IN-B OPEN,CB-IN-B CLOSED,1,0
CB_TIE_AB_OPEN,PROTECTION,HIGH,CB-TIE-AB,BREAKER_OPEN,vppECMSCBTieClosed,LOW,0.5,0.5,BOOL,CB-TIE-AB OPEN,CB-TIE-AB CLOSED,1,0
BUS_A_UNAVAILABLE,ALARM,CRITICAL,BUS-A,BUS_UNAVAILABLE,vppECMSBusAAvailable,LOW,0.5,0.5,BOOL,BUS-A UNAVAILABLE,BUS-A AVAILABLE,1,0
BUS_B_UNAVAILABLE,ALARM,CRITICAL,BUS-B,BUS_UNAVAILABLE,vppECMSBusBAvailable,LOW,0.5,0.5,BOOL,BUS-B UNAVAILABLE,BUS-B AVAILABLE,1,0
VCB_A01_OPEN,PROTECTION,HIGH,VCB-A01,BREAKER_OPEN,vppECMSVCBA01Closed,LOW,0.5,0.5,BOOL,VCB-A01 OPEN,VCB-A01 CLOSED,1,0
VCB_B01_OPEN,PROTECTION,HIGH,VCB-B01,BREAKER_OPEN,vppECMSVCBB01Closed,LOW,0.5,0.5,BOOL,VCB-B01 OPEN,VCB-B01 CLOSED,1,0
VCB_A02_OPEN,PROTECTION,HIGH,VCB-A02,BREAKER_OPEN,vppECMSVCBA02Closed,LOW,0.5,0.5,BOOL,VCB-A02 OPEN,VCB-A02 CLOSED,1,0
HP_FWP_MOTOR_OFF,PROTECTION,HIGH,HP BFP,MOTOR_DEENERGIZED,vppHPFWPMotorEnergized,LOW,0.5,0.5,BOOL,HP BFP MOTOR DEENERGIZED,HP BFP MOTOR ENERGIZED,1,0
HP_FWP_RUNNING_LOST,ALARM,HIGH,HP BFP,RUNNING_LOST,vppHPFWPRunning,LOW,0.5,0.5,BOOL,HP BFP RUNNING LOST,HP BFP RUNNING RESTORED,1,0
HP_FWP_SPEED_LOST,ALARM,MEDIUM,HP BFP,SPEED_PROVEN_LOST,vppHPFWPSpeedProven,LOW,0.5,0.5,BOOL,HP BFP SPEED PROVEN LOST,HP BFP SPEED PROVEN RESTORED,1,0
HP_FWP_NRV_CLOSED,ALARM,MEDIUM,HP BFP NRV,CHECK_VALVE_CLOSED,vppHPFWPCheckValveOpen,LOW,0.5,0.5,BOOL,HP BFP CHECK VALVE CLOSED,HP BFP CHECK VALVE OPEN,1,0
IP_FWP_MOTOR_OFF,PROTECTION,HIGH,IP BFP,MOTOR_DEENERGIZED,vppIPFWPMotorEnergized,LOW,0.5,0.5,BOOL,IP BFP MOTOR DEENERGIZED,IP BFP MOTOR ENERGIZED,1,0
IP_FWP_RUNNING_LOST,ALARM,HIGH,IP BFP,RUNNING_LOST,vppIPFWPRunning,LOW,0.5,0.5,BOOL,IP BFP RUNNING LOST,IP BFP RUNNING RESTORED,1,0
IP_FWP_SPEED_LOST,ALARM,HIGH,IP BFP,SPEED_PROVEN_LOST,vppIPFWPSpeedProven,LOW,0.5,0.5,BOOL,IP BFP SPEED PROVEN LOST,IP BFP SPEED PROVEN RESTORED,1,0
IP_FWP_NRV_CLOSED,ALARM,MEDIUM,IP BFP NRV,CHECK_VALVE_CLOSED,vppIPFWPCheckValveOpen,LOW,0.5,0.5,BOOL,IP BFP CHECK VALVE CLOSED,IP BFP CHECK VALVE OPEN,1,0
LP_FWP_MOTOR_OFF,PROTECTION,HIGH,LP BFP,MOTOR_DEENERGIZED,vppLPFWPMotorEnergized,LOW,0.5,0.5,BOOL,LP BFP MOTOR DEENERGIZED,LP BFP MOTOR ENERGIZED,1,0
LP_FWP_RUNNING_LOST,ALARM,HIGH,LP BFP,RUNNING_LOST,vppLPFWPRunning,LOW,0.5,0.5,BOOL,LP BFP RUNNING LOST,LP BFP RUNNING RESTORED,1,0
LP_FWP_SPEED_LOST,ALARM,HIGH,LP BFP,SPEED_PROVEN_LOST,vppLPFWPSpeedProven,LOW,0.5,0.5,BOOL,LP BFP SPEED PROVEN LOST,LP BFP SPEED PROVEN RESTORED,1,0
LP_FWP_NRV_CLOSED,ALARM,MEDIUM,LP BFP NRV,CHECK_VALVE_CLOSED,vppLPFWPCheckValveOpen,LOW,0.5,0.5,BOOL,LP BFP CHECK VALVE CLOSED,LP BFP CHECK VALVE OPEN,1,0
VLV_HP_FWCV_FAULT,ALARM,HIGH,HP FWCV,VALVE_FAULT,vppVlvHPFWCVFaultActive,HIGH,0.5,0.5,BOOL,HP FWCV FAULT ACTIVE,HP FWCV FAULT RETURN,1,0
VLV_HP_STEAM_FAULT,ALARM,HIGH,HP STEAM VALVE,VALVE_FAULT,vppVlvHPSteamFaultActive,HIGH,0.5,0.5,BOOL,HP STEAM VALVE FAULT ACTIVE,HP STEAM VALVE FAULT RETURN,1,0
VLV_IP_FWCV_FAULT,ALARM,HIGH,IP FWCV,VALVE_FAULT,vppVlvIPFWCVFaultActive,HIGH,0.5,0.5,BOOL,IP FWCV FAULT ACTIVE,IP FWCV FAULT RETURN,1,0
VLV_IP_STEAM_FAULT,ALARM,HIGH,IP STEAM VALVE,VALVE_FAULT,vppVlvIPSteamFaultActive,HIGH,0.5,0.5,BOOL,IP STEAM VALVE FAULT ACTIVE,IP STEAM VALVE FAULT RETURN,1,0
VLV_LP_STEAM_FAULT,ALARM,HIGH,LP STEAM VALVE,VALVE_FAULT,vppVlvLPSteamFaultActive,HIGH,0.5,0.5,BOOL,LP STEAM VALVE FAULT ACTIVE,LP STEAM VALVE FAULT RETURN,1,0
VLV_LP_FW_FAULT,ALARM,HIGH,LP FW VALVE,VALVE_FAULT,vppVlvLPFWFaultActive,HIGH,0.5,0.5,BOOL,LP FW VALVE FAULT ACTIVE,LP FW VALVE FAULT RETURN,1,0
VLV_LP_TO_HPIP_FW_FAULT,ALARM,HIGH,LP TO HPIP FW VALVE,VALVE_FAULT,vppVlvLPToHPIPFWFaultActive,HIGH,0.5,0.5,BOOL,LP TO HPIP FW VALVE FAULT ACTIVE,LP TO HPIP FW VALVE FAULT RETURN,1,0
VLV_COND_EXTRACTION_FAULT,ALARM,HIGH,COND EXTRACTION VALVE,VALVE_FAULT,vppVlvCondExtractionFaultActive,HIGH,0.5,0.5,BOOL,COND EXTRACTION VALVE FAULT ACTIVE,COND EXTRACTION VALVE FAULT RETURN,1,0
VLV_HP_TURB_ADM_FAULT,ALARM,HIGH,HP TURB ADM VALVE,VALVE_FAULT,vppVlvHPTurbAdmFaultActive,HIGH,0.5,0.5,BOOL,HP TURB ADM VALVE FAULT ACTIVE,HP TURB ADM VALVE FAULT RETURN,1,0
VLV_HP_FW_ISO_FAULT,ALARM,HIGH,HP FW ISO VALVE,VALVE_FAULT,vppVlvHPFWIsoFaultActive,HIGH,0.5,0.5,BOOL,HP FW ISO VALVE FAULT ACTIVE,HP FW ISO VALVE FAULT RETURN,1,0
VLV_IP_FW_ISO_FAULT,ALARM,HIGH,IP FW ISO VALVE,VALVE_FAULT,vppVlvIPFWIsoFaultActive,HIGH,0.5,0.5,BOOL,IP FW ISO VALVE FAULT ACTIVE,IP FW ISO VALVE FAULT RETURN,1,0
VLV_IP_TURB_ADM_FAULT,ALARM,HIGH,IP TURB ADM VALVE,VALVE_FAULT,vppVlvIPTurbAdmFaultActive,HIGH,0.5,0.5,BOOL,IP TURB ADM VALVE FAULT ACTIVE,IP TURB ADM VALVE FAULT RETURN,1,0
HP_FW_FLOW_LOW,ALARM,HIGH,HP FEEDWATER,FLOW_LOW,vppHPFWPMassFlowTH,BASELINE_RATIO_LOW,0.5,0.6,t/h,HP FW FLOW LOW ALARM,HP FW FLOW LOW RETURN,1,0
IP_FW_FLOW_LOW,ALARM,HIGH,IP FEEDWATER,FLOW_LOW,vppIPFWPMassFlowTH,BASELINE_RATIO_LOW,0.5,0.6,t/h,IP FW FLOW LOW ALARM,IP FW FLOW LOW RETURN,1,0
LP_FW_FLOW_LOW,ALARM,HIGH,LP FEEDWATER,FLOW_LOW,vppLPFWPMassFlowTH,BASELINE_RATIO_LOW,0.5,0.6,t/h,LP FW FLOW LOW ALARM,LP FW FLOW LOW RETURN,1,0
HP_DRUM_LEVEL_LOW,ALARM,MEDIUM,HP DRUM,LEVEL_LOW,vppHPDrumLevelM,LOW,0.95,0.97,m,HP DRUM LEVEL LOW ALARM,HP DRUM LEVEL LOW RETURN,1,0.5
HP_DRUM_LEVEL_LOW_LOW,ALARM,CRITICAL,HP DRUM,LEVEL_LOW_LOW,vppHPDrumLevelM,LOW,0.85,0.87,m,HP DRUM LEVEL LOW-LOW ALARM,HP DRUM LEVEL LOW-LOW RETURN,1,0.5
IP_DRUM_LEVEL_LOW,ALARM,MEDIUM,IP DRUM,LEVEL_LOW,vppIPDrumLevelM,LOW,0.95,0.97,m,IP DRUM LEVEL LOW ALARM,IP DRUM LEVEL LOW RETURN,1,0.5
IP_DRUM_LEVEL_LOW_LOW,ALARM,CRITICAL,IP DRUM,LEVEL_LOW_LOW,vppIPDrumLevelM,LOW,0.85,0.87,m,IP DRUM LEVEL LOW-LOW ALARM,IP DRUM LEVEL LOW-LOW RETURN,1,0.5
LP_DRUM_LEVEL_LOW,ALARM,MEDIUM,LP DRUM,LEVEL_LOW,vppLPDrumLevelM,LOW,1.65,1.67,m,LP DRUM LEVEL LOW ALARM,LP DRUM LEVEL LOW RETURN,1,0.5
LP_DRUM_LEVEL_LOW_LOW,ALARM,CRITICAL,LP DRUM,LEVEL_LOW_LOW,vppLPDrumLevelM,LOW,1.55,1.57,m,LP DRUM LEVEL LOW-LOW ALARM,LP DRUM LEVEL LOW-LOW RETURN,1,0.5
GT_EXHAUST_FLOW_LOW,ALARM,MEDIUM,GT EXHAUST,FLOW_LOW,vppGTExhaustMassFlowTH,LOW,1962,1983.6,t/h,GT EXHAUST FLOW LOW ALARM,GT EXHAUST FLOW LOW RETURN,1,0.2
GT_EXHAUST_FLOW_LOW_LOW,ALARM,CRITICAL,GT EXHAUST,FLOW_LOW_LOW,vppGTExhaustMassFlowTH,LOW,1080,1101.6,t/h,GT EXHAUST FLOW LOW-LOW ALARM,GT EXHAUST FLOW LOW-LOW RETURN,1,0.2
GT_EXHAUST_TEMP_LOW,ALARM,MEDIUM,GT EXHAUST,TEMPERATURE_LOW,vppGTExhaustTemperatureK,LOW,805,810,K,GT EXHAUST TEMPERATURE LOW ALARM,GT EXHAUST TEMPERATURE LOW RETURN,1,0.2
GT_EXHAUST_TEMP_LOW_LOW,ALARM,CRITICAL,GT EXHAUST,TEMPERATURE_LOW_LOW,vppGTExhaustTemperatureK,LOW,580,585,K,GT EXHAUST TEMPERATURE LOW-LOW ALARM,GT EXHAUST TEMPERATURE LOW-LOW RETURN,1,0.2
HP_DRUM_LEVEL_HIGH,ALARM,MEDIUM,HP DRUM,LEVEL_HIGH,vppHPDrumLevelM,HIGH,1.15,1.13,m,HP DRUM LEVEL HIGH ALARM,HP DRUM LEVEL HIGH RETURN,1,0.5
HP_DRUM_LEVEL_HIGH_HIGH,ALARM,CRITICAL,HP DRUM,LEVEL_HIGH_HIGH,vppHPDrumLevelM,HIGH,1.25,1.23,m,HP DRUM LEVEL HIGH-HIGH ALARM,HP DRUM LEVEL HIGH-HIGH RETURN,1,0.5
IP_DRUM_LEVEL_HIGH,ALARM,MEDIUM,IP DRUM,LEVEL_HIGH,vppIPDrumLevelM,HIGH,1.15,1.13,m,IP DRUM LEVEL HIGH ALARM,IP DRUM LEVEL HIGH RETURN,1,0.5
IP_DRUM_LEVEL_HIGH_HIGH,ALARM,CRITICAL,IP DRUM,LEVEL_HIGH_HIGH,vppIPDrumLevelM,HIGH,1.25,1.23,m,IP DRUM LEVEL HIGH-HIGH ALARM,IP DRUM LEVEL HIGH-HIGH RETURN,1,0.5
LP_DRUM_LEVEL_HIGH,ALARM,MEDIUM,LP DRUM,LEVEL_HIGH,vppLPDrumLevelM,HIGH,1.85,1.83,m,LP DRUM LEVEL HIGH ALARM,LP DRUM LEVEL HIGH RETURN,1,0.5
LP_DRUM_LEVEL_HIGH_HIGH,ALARM,CRITICAL,LP DRUM,LEVEL_HIGH_HIGH,vppLPDrumLevelM,HIGH,1.95,1.93,m,LP DRUM LEVEL HIGH-HIGH ALARM,LP DRUM LEVEL HIGH-HIGH RETURN,1,0.5
HP_DRUM_PRESSURE_LOW,ALARM,MEDIUM,HP DRUM,PRESSURE_LOW,vppHPDrumPressurePa,LOW,12000000,12200000,Pa,HP DRUM PRESSURE LOW ALARM,HP DRUM PRESSURE LOW RETURN,1,0.5
HP_DRUM_PRESSURE_LOW_LOW,ALARM,CRITICAL,HP DRUM,PRESSURE_LOW_LOW,vppHPDrumPressurePa,LOW,10800000,11000000,Pa,HP DRUM PRESSURE LOW-LOW ALARM,HP DRUM PRESSURE LOW-LOW RETURN,1,0.5
IP_DRUM_PRESSURE_LOW,ALARM,MEDIUM,IP DRUM,PRESSURE_LOW,vppIPDrumPressurePa,LOW,2550000,2600000,Pa,IP DRUM PRESSURE LOW ALARM,IP DRUM PRESSURE LOW RETURN,1,0.5
IP_DRUM_PRESSURE_LOW_LOW,ALARM,CRITICAL,IP DRUM,PRESSURE_LOW_LOW,vppIPDrumPressurePa,LOW,2300000,2350000,Pa,IP DRUM PRESSURE LOW-LOW ALARM,IP DRUM PRESSURE LOW-LOW RETURN,1,0.5
LP_DRUM_PRESSURE_LOW,ALARM,MEDIUM,LP DRUM,PRESSURE_LOW,vppLPDrumPressurePa,LOW,500000,510000,Pa,LP DRUM PRESSURE LOW ALARM,LP DRUM PRESSURE LOW RETURN,1,0.5
LP_DRUM_PRESSURE_LOW_LOW,ALARM,CRITICAL,LP DRUM,PRESSURE_LOW_LOW,vppLPDrumPressurePa,LOW,450000,460000,Pa,LP DRUM PRESSURE LOW-LOW ALARM,LP DRUM PRESSURE LOW-LOW RETURN,1,0.5
HP_STEAM_FLOW_LOW,ALARM,MEDIUM,HP TURBINE,FLOW_LOW,vppHPTurbineSteamFlowTH,LOW,486,496.8,t/h,HP TURBINE STEAM FLOW LOW ALARM,HP TURBINE STEAM FLOW LOW RETURN,1,0.2
HP_STEAM_FLOW_LOW_LOW,ALARM,CRITICAL,HP TURBINE,FLOW_LOW_LOW,vppHPTurbineSteamFlowTH,LOW,324,334.8,t/h,HP TURBINE STEAM FLOW LOW-LOW ALARM,HP TURBINE STEAM FLOW LOW-LOW RETURN,1,0.2
IP_STEAM_FLOW_LOW,ALARM,MEDIUM,IP TURBINE,FLOW_LOW,vppIPTurbineSteamFlowTH,LOW,576,586.8,t/h,IP TURBINE STEAM FLOW LOW ALARM,IP TURBINE STEAM FLOW LOW RETURN,1,0.2
IP_STEAM_FLOW_LOW_LOW,ALARM,CRITICAL,IP TURBINE,FLOW_LOW_LOW,vppIPTurbineSteamFlowTH,LOW,378,388.8,t/h,IP TURBINE STEAM FLOW LOW-LOW ALARM,IP TURBINE STEAM FLOW LOW-LOW RETURN,1,0.2
LP_STEAM_FLOW_LOW,ALARM,MEDIUM,LP TURBINE,FLOW_LOW,vppLPTurbineSteamFlowTH,LOW,630,640.8,t/h,LP TURBINE STEAM FLOW LOW ALARM,LP TURBINE STEAM FLOW LOW RETURN,1,0.2
LP_STEAM_FLOW_LOW_LOW,ALARM,CRITICAL,LP TURBINE,FLOW_LOW_LOW,vppLPTurbineSteamFlowTH,LOW,424.8,435.6,t/h,LP TURBINE STEAM FLOW LOW-LOW ALARM,LP TURBINE STEAM FLOW LOW-LOW RETURN,1,0.2
