equipment_id,label_ko,system,equipment_type,command,button_label,value_type,min_value,max_value,default_value,unit,execution_layer,model_input,feedback_tag,status,notes
GTG,GT 발전기,GT,GENERATOR,START,기동,DIGITAL,,,1,BOOL,THERMO_ADAPTER_REQUIRED,GT_BOUNDARY,TSP.FG_IN.MASS_FLOW_IN,PROVISIONAL,GT 경계조건 어댑터 연결 전에는 명령 큐만 생성
GTG,GT 발전기,GT,GENERATOR,STOP,정지,DIGITAL,,,0,BOOL,THERMO_ADAPTER_REQUIRED,GT_BOUNDARY,TSP.FG_IN.MASS_FLOW_IN,PROVISIONAL,정상 정지 명령
GTG,GT 발전기,GT,GENERATOR,TRIP,TRIP,DIGITAL,,,1,BOOL,THERMO_BOUNDARY,GT_TRIP,TSP.FG_IN.MASS_FLOW_IN,CONNECTED_VPP,현재 공개 GT Trip 경계조건에 연결 가능
GTG,GT 발전기,GT,GENERATOR,RESET,RESET,DIGITAL,,,0,BOOL,THERMO_ADAPTER_REQUIRED,GT_BOUNDARY,TSP.FG_IN.MASS_FLOW_IN,PROVISIONAL,Reset permissive는 A 로직에서 확정
STG,ST 발전기,ST,GENERATOR,START,기동,DIGITAL,,,1,BOOL,THERMO_ADAPTER_REQUIRED,ST_START,TSP.GEN.ACTIVE_POWER,PROVISIONAL,ST 기동 입력 포트 필요
STG,ST 발전기,ST,GENERATOR,STOP,정지,DIGITAL,,,0,BOOL,THERMO_ADAPTER_REQUIRED,ST_STOP,TSP.GEN.ACTIVE_POWER,PROVISIONAL,ST 정상 정지 입력 포트 필요
STG,ST 발전기,ST,GENERATOR,TRIP,TRIP,DIGITAL,,,1,BOOL,THERMO_ADAPTER_REQUIRED,ST_TRIP,TSP.GEN.ACTIVE_POWER,PROVISIONAL,ST Trip 입력 포트 필요
STG,ST 발전기,ST,GENERATOR,RESET,RESET,DIGITAL,,,0,BOOL,THERMO_ADAPTER_REQUIRED,ST_RESET,TSP.GEN.ACTIVE_POWER,PROVISIONAL,Reset permissive는 A 로직에서 확정
CB-52GT,52GT,ECMS,BREAKER,OPEN,OPEN,DIGITAL,,,0,BOOL,ELECTRICAL_ENGINE,CB_52GT_CMD,52GT.CLOSED,CONNECTED_VPP,발전기 차단기 개방
CB-52GT,52GT,ECMS,BREAKER,CLOSE,CLOSE,DIGITAL,,,1,BOOL,ELECTRICAL_ENGINE,CB_52GT_CMD,52GT.CLOSED,CONNECTED_VPP,동기검정 조건은 A 로직에서 추가
CB-52GT,52GT,ECMS,BREAKER,TRIP,TRIP,DIGITAL,,,0,BOOL,ELECTRICAL_ENGINE,CB_52GT_TRIP,52GT.CLOSED,CONNECTED_VPP,보호 Trip
CB-52GT,52GT,ECMS,BREAKER,RESET,RESET,DIGITAL,,,0,BOOL,ELECTRICAL_ENGINE,CB_52GT_RESET,52GT.CLOSED,CONNECTED_VPP,Lockout reset 조건은 A 로직에서 추가
CB-52ST,52ST,ECMS,BREAKER,OPEN,OPEN,DIGITAL,,,0,BOOL,ELECTRICAL_ENGINE,CB_52ST_CMD,52ST.CLOSED,CONNECTED_VPP,발전기 차단기 개방
CB-52ST,52ST,ECMS,BREAKER,CLOSE,CLOSE,DIGITAL,,,1,BOOL,ELECTRICAL_ENGINE,CB_52ST_CMD,52ST.CLOSED,CONNECTED_VPP,동기검정 조건은 A 로직에서 추가
CB-52ST,52ST,ECMS,BREAKER,TRIP,TRIP,DIGITAL,,,0,BOOL,ELECTRICAL_ENGINE,CB_52ST_TRIP,52ST.CLOSED,CONNECTED_VPP,보호 Trip
CB-52ST,52ST,ECMS,BREAKER,RESET,RESET,DIGITAL,,,0,BOOL,ELECTRICAL_ENGINE,CB_52ST_RESET,52ST.CLOSED,CONNECTED_VPP,Lockout reset 조건은 A 로직에서 추가
GRID-154KV,154 kV 외부계통,ECMS,GRID,LOSS,계통 상실,DIGITAL,,,0,BOOL,ELECTRICAL_ENGINE,GRID_AVAILABLE,GRID-154KV.AVAILABLE,CONNECTED_VPP,외부계통 상실
GRID-154KV,154 kV 외부계통,ECMS,GRID,RESTORE,계통 복구,DIGITAL,,,1,BOOL,ELECTRICAL_ENGINE,GRID_AVAILABLE,GRID-154KV.AVAILABLE,CONNECTED_VPP,외부계통 복구
TR-GT,GT 주 변압기,ECMS,TRANSFORMER,OUT_OF_SERVICE,정지,DIGITAL,,,0,BOOL,ELECTRICAL_ENGINE,TR_GT_AVAILABLE,TR-GT.AVAILABLE,CONNECTED_VPP,정방향과 역수전 모두 불가
TR-GT,GT 주 변압기,ECMS,TRANSFORMER,IN_SERVICE,투입,DIGITAL,,,1,BOOL,ELECTRICAL_ENGINE,TR_GT_AVAILABLE,TR-GT.AVAILABLE,CONNECTED_VPP,보호 및 절연조건은 A에서 추가
TR-ST,ST 주 변압기,ECMS,TRANSFORMER,OUT_OF_SERVICE,정지,DIGITAL,,,0,BOOL,ELECTRICAL_ENGINE,TR_ST_AVAILABLE,TR-ST.AVAILABLE,CONNECTED_VPP,정방향과 역수전 모두 불가
TR-ST,ST 주 변압기,ECMS,TRANSFORMER,IN_SERVICE,투입,DIGITAL,,,1,BOOL,ELECTRICAL_ENGINE,TR_ST_AVAILABLE,TR-ST.AVAILABLE,CONNECTED_VPP,보호 및 절연조건은 A에서 추가
UAT-A,UAT-A,ECMS,TRANSFORMER,OUT_OF_SERVICE,정지,DIGITAL,,,0,BOOL,ELECTRICAL_ENGINE,UAT_A_AVAILABLE,UAT-A.AVAILABLE,CONNECTED_VPP,UAT-A 사용 불가
UAT-A,UAT-A,ECMS,TRANSFORMER,IN_SERVICE,투입,DIGITAL,,,1,BOOL,ELECTRICAL_ENGINE,UAT_A_AVAILABLE,UAT-A.AVAILABLE,CONNECTED_VPP,UAT-A 사용 가능
UAT-B,UAT-B,ECMS,TRANSFORMER,OUT_OF_SERVICE,정지,DIGITAL,,,0,BOOL,ELECTRICAL_ENGINE,UAT_B_AVAILABLE,UAT-B.AVAILABLE,CONNECTED_VPP,UAT-B 사용 불가
UAT-B,UAT-B,ECMS,TRANSFORMER,IN_SERVICE,투입,DIGITAL,,,1,BOOL,ELECTRICAL_ENGINE,UAT_B_AVAILABLE,UAT-B.AVAILABLE,CONNECTED_VPP,UAT-B 사용 가능
CB-IN-A,A 인커밍,ECMS,BREAKER,OPEN,OPEN,DIGITAL,,,0,BOOL,ELECTRICAL_ENGINE,CB_IN_A_CMD,CB-IN-A.CLOSED,CONNECTED_VPP,6.9 kV BUS-A 인커밍 개방
CB-IN-A,A 인커밍,ECMS,BREAKER,CLOSE,CLOSE,DIGITAL,,,1,BOOL,ELECTRICAL_ENGINE,CB_IN_A_CMD,CB-IN-A.CLOSED,CONNECTED_VPP,무전압 및 전원 조건은 A에서 추가
CB-IN-A,A 인커밍,ECMS,BREAKER,TRIP,TRIP,DIGITAL,,,0,BOOL,ELECTRICAL_ENGINE,CB_IN_A_TRIP,CB-IN-A.CLOSED,CONNECTED_VPP,인커밍 보호 Trip
CB-IN-A,A 인커밍,ECMS,BREAKER,RESET,RESET,DIGITAL,,,0,BOOL,ELECTRICAL_ENGINE,CB_IN_A_RESET,CB-IN-A.CLOSED,CONNECTED_VPP,Reset permissive는 A에서 추가
CB-IN-B,B 인커밍,ECMS,BREAKER,OPEN,OPEN,DIGITAL,,,0,BOOL,ELECTRICAL_ENGINE,CB_IN_B_CMD,CB-IN-B.CLOSED,CONNECTED_VPP,6.9 kV BUS-B 인커밍 개방
CB-IN-B,B 인커밍,ECMS,BREAKER,CLOSE,CLOSE,DIGITAL,,,1,BOOL,ELECTRICAL_ENGINE,CB_IN_B_CMD,CB-IN-B.CLOSED,CONNECTED_VPP,무전압 및 전원 조건은 A에서 추가
CB-IN-B,B 인커밍,ECMS,BREAKER,TRIP,TRIP,DIGITAL,,,0,BOOL,ELECTRICAL_ENGINE,CB_IN_B_TRIP,CB-IN-B.CLOSED,CONNECTED_VPP,인커밍 보호 Trip
CB-IN-B,B 인커밍,ECMS,BREAKER,RESET,RESET,DIGITAL,,,0,BOOL,ELECTRICAL_ENGINE,CB_IN_B_RESET,CB-IN-B.CLOSED,CONNECTED_VPP,Reset permissive는 A에서 추가
CB-TIE-AB,6.9 kV BUS TIE,ECMS,BREAKER,OPEN,OPEN,DIGITAL,,,0,BOOL,ELECTRICAL_ENGINE,CB_TIE_AB_CMD,CB-TIE-AB.CLOSED,CONNECTED_VPP,모선연락차단기 개방
CB-TIE-AB,6.9 kV BUS TIE,ECMS,BREAKER,CLOSE,CLOSE,DIGITAL,,,1,BOOL,ELECTRICAL_ENGINE,CB_TIE_AB_CMD,CB-TIE-AB.CLOSED,CONNECTED_VPP,병렬 및 무전압 조건은 A에서 추가
CB-TIE-AB,6.9 kV BUS TIE,ECMS,BREAKER,TRIP,TRIP,DIGITAL,,,0,BOOL,ELECTRICAL_ENGINE,CB_TIE_AB_TRIP,CB-TIE-AB.CLOSED,CONNECTED_VPP,모선 보호 Trip
CB-TIE-AB,6.9 kV BUS TIE,ECMS,BREAKER,RESET,RESET,DIGITAL,,,0,BOOL,ELECTRICAL_ENGINE,CB_TIE_AB_RESET,CB-TIE-AB.CLOSED,CONNECTED_VPP,Reset permissive는 A에서 추가
FWP-HP,HP 급수펌프,HRSG,MOTOR,START,START,DIGITAL,,,1,BOOL,THERMO_ADAPTER_REQUIRED,FWP_HP_RUN,TSP.DRUM.HP.FW_FLOW,PROVISIONAL,펌프 입력 포트와 전동기 정격 필요
FWP-HP,HP 급수펌프,HRSG,MOTOR,STOP,STOP,DIGITAL,,,0,BOOL,THERMO_ADAPTER_REQUIRED,FWP_HP_RUN,TSP.DRUM.HP.FW_FLOW,PROVISIONAL,정상 정지
FWP-HP,HP 급수펌프,HRSG,MOTOR,TRIP,TRIP,DIGITAL,,,0,BOOL,THERMO_ADAPTER_REQUIRED,FWP_HP_TRIP,TSP.DRUM.HP.FW_FLOW,PROVISIONAL,사용자 요구 BFP Trip 대표 명령
FWP-HP,HP 급수펌프,HRSG,MOTOR,RESET,RESET,DIGITAL,,,0,BOOL,THERMO_ADAPTER_REQUIRED,FWP_HP_RESET,TSP.DRUM.HP.FW_FLOW,PROVISIONAL,Reset permissive는 A에서 추가
FWP-IP,IP 급수펌프,HRSG,MOTOR,START,START,DIGITAL,,,1,BOOL,THERMO_ADAPTER_REQUIRED,FWP_IP_RUN,TSP.DRUM.IP.FW_FLOW,PROVISIONAL,펌프 입력 포트와 전동기 정격 필요
FWP-IP,IP 급수펌프,HRSG,MOTOR,STOP,STOP,DIGITAL,,,0,BOOL,THERMO_ADAPTER_REQUIRED,FWP_IP_RUN,TSP.DRUM.IP.FW_FLOW,PROVISIONAL,정상 정지
FWP-IP,IP 급수펌프,HRSG,MOTOR,TRIP,TRIP,DIGITAL,,,0,BOOL,THERMO_ADAPTER_REQUIRED,FWP_IP_TRIP,TSP.DRUM.IP.FW_FLOW,PROVISIONAL,급수 상실 시나리오
FWP-IP,IP 급수펌프,HRSG,MOTOR,RESET,RESET,DIGITAL,,,0,BOOL,THERMO_ADAPTER_REQUIRED,FWP_IP_RESET,TSP.DRUM.IP.FW_FLOW,PROVISIONAL,Reset permissive는 A에서 추가
FWP-LP,LP 급수펌프,HRSG,MOTOR,START,START,DIGITAL,,,1,BOOL,THERMO_ADAPTER_REQUIRED,FWP_LP_RUN,TSP.DRUM.LP.FW_FLOW,PROVISIONAL,펌프 입력 포트와 전동기 정격 필요
FWP-LP,LP 급수펌프,HRSG,MOTOR,STOP,STOP,DIGITAL,,,0,BOOL,THERMO_ADAPTER_REQUIRED,FWP_LP_RUN,TSP.DRUM.LP.FW_FLOW,PROVISIONAL,정상 정지
FWP-LP,LP 급수펌프,HRSG,MOTOR,TRIP,TRIP,DIGITAL,,,0,BOOL,THERMO_ADAPTER_REQUIRED,FWP_LP_TRIP,TSP.DRUM.LP.FW_FLOW,PROVISIONAL,급수 상실 시나리오
FWP-LP,LP 급수펌프,HRSG,MOTOR,RESET,RESET,DIGITAL,,,0,BOOL,THERMO_ADAPTER_REQUIRED,FWP_LP_RESET,TSP.DRUM.LP.FW_FLOW,PROVISIONAL,Reset permissive는 A에서 추가
RECIRC-HP,HP 드럼 순환부하,HRSG,MOTOR,START,START,DIGITAL,,,1,BOOL,THERMO_ADAPTER_REQUIRED,RECIRC_HP_RUN,TSP.DRUM.HP.RECIRC_FLOW,PROVISIONAL,실제 펌프 구성 확인 필요
RECIRC-HP,HP 드럼 순환부하,HRSG,MOTOR,STOP,STOP,DIGITAL,,,0,BOOL,THERMO_ADAPTER_REQUIRED,RECIRC_HP_RUN,TSP.DRUM.HP.RECIRC_FLOW,PROVISIONAL,정상 정지
RECIRC-HP,HP 드럼 순환부하,HRSG,MOTOR,TRIP,TRIP,DIGITAL,,,0,BOOL,THERMO_ADAPTER_REQUIRED,RECIRC_HP_TRIP,TSP.DRUM.HP.RECIRC_FLOW,PROVISIONAL,순환 상실 시나리오
RECIRC-HP,HP 드럼 순환부하,HRSG,MOTOR,RESET,RESET,DIGITAL,,,0,BOOL,THERMO_ADAPTER_REQUIRED,RECIRC_HP_RESET,TSP.DRUM.HP.RECIRC_FLOW,PROVISIONAL,Reset permissive는 A에서 추가
RECIRC-IP,IP 드럼 순환부하,HRSG,MOTOR,START,START,DIGITAL,,,1,BOOL,THERMO_ADAPTER_REQUIRED,RECIRC_IP_RUN,TSP.DRUM.IP.RECIRC_FLOW,PROVISIONAL,실제 펌프 구성 확인 필요
RECIRC-IP,IP 드럼 순환부하,HRSG,MOTOR,STOP,STOP,DIGITAL,,,0,BOOL,THERMO_ADAPTER_REQUIRED,RECIRC_IP_RUN,TSP.DRUM.IP.RECIRC_FLOW,PROVISIONAL,정상 정지
RECIRC-IP,IP 드럼 순환부하,HRSG,MOTOR,TRIP,TRIP,DIGITAL,,,0,BOOL,THERMO_ADAPTER_REQUIRED,RECIRC_IP_TRIP,TSP.DRUM.IP.RECIRC_FLOW,PROVISIONAL,순환 상실 시나리오
RECIRC-IP,IP 드럼 순환부하,HRSG,MOTOR,RESET,RESET,DIGITAL,,,0,BOOL,THERMO_ADAPTER_REQUIRED,RECIRC_IP_RESET,TSP.DRUM.IP.RECIRC_FLOW,PROVISIONAL,Reset permissive는 A에서 추가
RECIRC-LP,LP 드럼 순환부하,HRSG,MOTOR,START,START,DIGITAL,,,1,BOOL,THERMO_ADAPTER_REQUIRED,RECIRC_LP_RUN,TSP.DRUM.LP.RECIRC_FLOW,PROVISIONAL,실제 펌프 구성 확인 필요
RECIRC-LP,LP 드럼 순환부하,HRSG,MOTOR,STOP,STOP,DIGITAL,,,0,BOOL,THERMO_ADAPTER_REQUIRED,RECIRC_LP_RUN,TSP.DRUM.LP.RECIRC_FLOW,PROVISIONAL,정상 정지
RECIRC-LP,LP 드럼 순환부하,HRSG,MOTOR,TRIP,TRIP,DIGITAL,,,0,BOOL,THERMO_ADAPTER_REQUIRED,RECIRC_LP_TRIP,TSP.DRUM.LP.RECIRC_FLOW,PROVISIONAL,순환 상실 시나리오
RECIRC-LP,LP 드럼 순환부하,HRSG,MOTOR,RESET,RESET,DIGITAL,,,0,BOOL,THERMO_ADAPTER_REQUIRED,RECIRC_LP_RESET,TSP.DRUM.LP.RECIRC_FLOW,PROVISIONAL,Reset permissive는 A에서 추가
COND-PUMP,복수 펌프 계통,BOP,MOTOR,START,START,DIGITAL,,,1,BOOL,THERMO_ADAPTER_REQUIRED,COND_PUMP_RUN,TSP.COND.COND_FLOW_OUT,PROVISIONAL,실제 대수와 입력 포트 확인 필요
COND-PUMP,복수 펌프 계통,BOP,MOTOR,STOP,STOP,DIGITAL,,,0,BOOL,THERMO_ADAPTER_REQUIRED,COND_PUMP_RUN,TSP.COND.COND_FLOW_OUT,PROVISIONAL,정상 정지
COND-PUMP,복수 펌프 계통,BOP,MOTOR,TRIP,TRIP,DIGITAL,,,0,BOOL,THERMO_ADAPTER_REQUIRED,COND_PUMP_TRIP,TSP.COND.COND_FLOW_OUT,PROVISIONAL,Hotwell 영향 시나리오
COND-PUMP,복수 펌프 계통,BOP,MOTOR,RESET,RESET,DIGITAL,,,0,BOOL,THERMO_ADAPTER_REQUIRED,COND_PUMP_RESET,TSP.COND.COND_FLOW_OUT,PROVISIONAL,Reset permissive는 A에서 추가
CW-PUMP,순환수 펌프 계통,BOP,MOTOR,START,START,DIGITAL,,,1,BOOL,THERMO_ADAPTER_REQUIRED,CW_PUMP_RUN,TSP.COND.CW_FLOW,PROVISIONAL,실제 대수와 입력 포트 확인 필요
CW-PUMP,순환수 펌프 계통,BOP,MOTOR,STOP,STOP,DIGITAL,,,0,BOOL,THERMO_ADAPTER_REQUIRED,CW_PUMP_RUN,TSP.COND.CW_FLOW,PROVISIONAL,정상 정지
CW-PUMP,순환수 펌프 계통,BOP,MOTOR,TRIP,TRIP,DIGITAL,,,0,BOOL,THERMO_ADAPTER_REQUIRED,CW_PUMP_TRIP,TSP.COND.CW_FLOW,PROVISIONAL,복수기 진공 영향 시나리오
CW-PUMP,순환수 펌프 계통,BOP,MOTOR,RESET,RESET,DIGITAL,,,0,BOOL,THERMO_ADAPTER_REQUIRED,CW_PUMP_RESET,TSP.COND.CW_FLOW,PROVISIONAL,Reset permissive는 A에서 추가
HP-FWV,HP 급수조절밸브,HRSG,VALVE,OPEN,OPEN,DIGITAL,,,100,%,THERMO_ADAPTER_REQUIRED,HP_FWV_OPENING,TSP.DRUM.HP.LIC_OUT,PROVISIONAL,개도 입력 포트 필요
HP-FWV,HP 급수조절밸브,HRSG,VALVE,CLOSE,CLOSE,DIGITAL,,,0,%,THERMO_ADAPTER_REQUIRED,HP_FWV_OPENING,TSP.DRUM.HP.LIC_OUT,PROVISIONAL,완전 폐쇄
HP-FWV,HP 급수조절밸브,HRSG,VALVE,SET_OPENING,개도 설정,REAL,0,100,50,%,THERMO_ADAPTER_REQUIRED,HP_FWV_OPENING,TSP.DRUM.HP.LIC_OUT,PROVISIONAL,0~100 퍼센트
HP-FWV,HP 급수조절밸브,HRSG,VALVE,AUTO,AUTO,DIGITAL,,,1,BOOL,THERMO_ADAPTER_REQUIRED,HP_FWV_MODE,TSP.DRUM.HP.LIC_OUT,PROVISIONAL,수위제어기 자동모드
HP-FWV,HP 급수조절밸브,HRSG,VALVE,MANUAL,MANUAL,DIGITAL,,,0,BOOL,THERMO_ADAPTER_REQUIRED,HP_FWV_MODE,TSP.DRUM.HP.LIC_OUT,PROVISIONAL,수동모드
IP-FWV,IP 급수조절밸브,HRSG,VALVE,OPEN,OPEN,DIGITAL,,,100,%,THERMO_ADAPTER_REQUIRED,IP_FWV_OPENING,TSP.DRUM.IP.LIC_OUT,PROVISIONAL,개도 입력 포트 필요
IP-FWV,IP 급수조절밸브,HRSG,VALVE,CLOSE,CLOSE,DIGITAL,,,0,%,THERMO_ADAPTER_REQUIRED,IP_FWV_OPENING,TSP.DRUM.IP.LIC_OUT,PROVISIONAL,완전 폐쇄
IP-FWV,IP 급수조절밸브,HRSG,VALVE,SET_OPENING,개도 설정,REAL,0,100,50,%,THERMO_ADAPTER_REQUIRED,IP_FWV_OPENING,TSP.DRUM.IP.LIC_OUT,PROVISIONAL,0~100 퍼센트
IP-FWV,IP 급수조절밸브,HRSG,VALVE,AUTO,AUTO,DIGITAL,,,1,BOOL,THERMO_ADAPTER_REQUIRED,IP_FWV_MODE,TSP.DRUM.IP.LIC_OUT,PROVISIONAL,수위제어기 자동모드
IP-FWV,IP 급수조절밸브,HRSG,VALVE,MANUAL,MANUAL,DIGITAL,,,0,BOOL,THERMO_ADAPTER_REQUIRED,IP_FWV_MODE,TSP.DRUM.IP.LIC_OUT,PROVISIONAL,수동모드
LP-FWV,LP 급수조절밸브,HRSG,VALVE,OPEN,OPEN,DIGITAL,,,100,%,THERMO_ADAPTER_REQUIRED,LP_FWV_OPENING,TSP.DRUM.LP.LIC_OUT,PROVISIONAL,개도 입력 포트 필요
LP-FWV,LP 급수조절밸브,HRSG,VALVE,CLOSE,CLOSE,DIGITAL,,,0,%,THERMO_ADAPTER_REQUIRED,LP_FWV_OPENING,TSP.DRUM.LP.LIC_OUT,PROVISIONAL,완전 폐쇄
LP-FWV,LP 급수조절밸브,HRSG,VALVE,SET_OPENING,개도 설정,REAL,0,100,50,%,THERMO_ADAPTER_REQUIRED,LP_FWV_OPENING,TSP.DRUM.LP.LIC_OUT,PROVISIONAL,0~100 퍼센트
LP-FWV,LP 급수조절밸브,HRSG,VALVE,AUTO,AUTO,DIGITAL,,,1,BOOL,THERMO_ADAPTER_REQUIRED,LP_FWV_MODE,TSP.DRUM.LP.LIC_OUT,PROVISIONAL,수위제어기 자동모드
LP-FWV,LP 급수조절밸브,HRSG,VALVE,MANUAL,MANUAL,DIGITAL,,,0,BOOL,THERMO_ADAPTER_REQUIRED,LP_FWV_MODE,TSP.DRUM.LP.LIC_OUT,PROVISIONAL,수동모드
HPCV,HP 터빈 제어밸브,ST,VALVE,OPEN,OPEN,DIGITAL,,,100,%,THERMO_ADAPTER_REQUIRED,HPCV_OPENING,TSP.ST.HP.MASS_FLOW,PROVISIONAL,터빈 밸브 입력 포트 필요
HPCV,HP 터빈 제어밸브,ST,VALVE,CLOSE,CLOSE,DIGITAL,,,0,%,THERMO_ADAPTER_REQUIRED,HPCV_OPENING,TSP.ST.HP.MASS_FLOW,PROVISIONAL,완전 폐쇄
HPCV,HP 터빈 제어밸브,ST,VALVE,SET_OPENING,개도 설정,REAL,0,100,100,%,THERMO_ADAPTER_REQUIRED,HPCV_OPENING,TSP.ST.HP.MASS_FLOW,PROVISIONAL,0~100 퍼센트
IPCV,IP 터빈 제어밸브,ST,VALVE,OPEN,OPEN,DIGITAL,,,100,%,THERMO_ADAPTER_REQUIRED,IPCV_OPENING,TSP.ST.IP.MASS_FLOW,PROVISIONAL,터빈 밸브 입력 포트 필요
IPCV,IP 터빈 제어밸브,ST,VALVE,CLOSE,CLOSE,DIGITAL,,,0,%,THERMO_ADAPTER_REQUIRED,IPCV_OPENING,TSP.ST.IP.MASS_FLOW,PROVISIONAL,완전 폐쇄
IPCV,IP 터빈 제어밸브,ST,VALVE,SET_OPENING,개도 설정,REAL,0,100,100,%,THERMO_ADAPTER_REQUIRED,IPCV_OPENING,TSP.ST.IP.MASS_FLOW,PROVISIONAL,0~100 퍼센트
LPCV,LP 터빈 제어밸브,ST,VALVE,OPEN,OPEN,DIGITAL,,,100,%,THERMO_ADAPTER_REQUIRED,LPCV_OPENING,TSP.ST.LP.MASS_FLOW,PROVISIONAL,터빈 밸브 입력 포트 필요
LPCV,LP 터빈 제어밸브,ST,VALVE,CLOSE,CLOSE,DIGITAL,,,0,%,THERMO_ADAPTER_REQUIRED,LPCV_OPENING,TSP.ST.LP.MASS_FLOW,PROVISIONAL,완전 폐쇄
LPCV,LP 터빈 제어밸브,ST,VALVE,SET_OPENING,개도 설정,REAL,0,100,100,%,THERMO_ADAPTER_REQUIRED,LPCV_OPENING,TSP.ST.LP.MASS_FLOW,PROVISIONAL,0~100 퍼센트
