tag_id,platform,system,subsystem,equipment_id,equipment_type,signal_name,description_ko,io_type,data_type,unit,tag_class,value_basis,limit_basis,model_mapping,normal_or_initial,alarm_limits,trip_or_event_logic,priority,sample_ms,editable,gt_trip_behavior,source_url,notes
TSP.SYS.MODEL_TRAIN_COUNT,Thermo VPP,SYS,SIMULATION,SYS-001,Simulation Controller,MODEL_TRAIN_COUNT,모델링 Train 수,CALC,INT,count,M,M,A,,1,USER_EDIT,,INFO,1000,Y,constant,https://ep.liu.se/konferensartikel.aspx?Article_No=46&issue=132&series=,TripLens alias
TSP.SYS.PLANT_GT_COUNT_REF,Thermo VPP,SYS,SIMULATION,SYS-001,Simulation Controller,PLANT_GT_COUNT_REF,실제 발전소 GT 수 공개 참조,CALC,INT,count,M,M,A,,2,USER_EDIT,,INFO,1000,Y,constant,https://ep.liu.se/konferensartikel.aspx?Article_No=46&issue=132&series=,TripLens alias
TSP.FG_IN.TEMP_IN,Thermo VPP,FG,FLUE_GAS_BOUNDARY,FG-SRC-001,Source/Sink Boundary,TEMP_IN,HRSG 입구 배기가스 온도,AI,REAL,K,M,M,A,GasTurbineTrip.flueGasBoundary.temp_in,894,N/A,,INFO,100,N,423 K over 600 s,https://ep.liu.se/konferensartikel.aspx?Article_No=46&issue=132&series=,공개 모델값의 TripLens alias
TSP.FG_IN.MASS_FLOW_IN,Thermo VPP,FG,FLUE_GAS_BOUNDARY,FG-SRC-001,Source/Sink Boundary,MASS_FLOW_IN,HRSG 입구 배기가스 질량유량,AI,REAL,t/h,M,M,A,vppGTExhaustMassFlowTH,2185.2,N/A,,INFO,100,N,180 t/h over 600 s,https://ep.liu.se/konferensartikel.aspx?Article_No=46&issue=132&series=,공개 모델값의 TripLens alias; Published mass-flow boundary uses t/h with exact ×3.6 conversion.
TSP.FG_IN.PRESS_IN,Thermo VPP,FG,FLUE_GAS_BOUNDARY,FG-SRC-001,Source/Sink Boundary,PRESS_IN,HRSG 입구 배기가스 압력,AI,REAL,Pa,M,M,A,GasTurbineTrip.flueGasBoundary.press_in,USER_EDIT,N/A,,INFO,100,N,decreases with boundary,https://ep.liu.se/konferensartikel.aspx?Article_No=46&issue=132&series=,공개 모델값의 TripLens alias
TSP.FG_IN.SPEC_ENTHALPY_IN,Thermo VPP,FG,FLUE_GAS_BOUNDARY,FG-SRC-001,Source/Sink Boundary,SPEC_ENTHALPY_IN,HRSG 입구 배기가스 비엔탈피,AI,REAL,J/kg,M,M,A,GasTurbineTrip.flueGasBoundary.spec_enthalpy_in,MODEL,N/A,,INFO,100,N,decreases,https://ep.liu.se/konferensartikel.aspx?Article_No=46&issue=132&series=,공개 모델값의 TripLens alias
TSP.FG_IN.TEMP_OUT,Thermo VPP,FG,FLUE_GAS_BOUNDARY,FG-SRC-001,Source/Sink Boundary,TEMP_OUT,Stack 배기가스 온도,AI,REAL,K,M,M,A,GasTurbineTrip.flueGasBoundary.temp_out,MODEL,N/A,,INFO,100,N,decreases after delay,https://ep.liu.se/konferensartikel.aspx?Article_No=46&issue=132&series=,공개 모델값의 TripLens alias
TSP.FG_IN.MASS_FLOW_OUT,Thermo VPP,FG,FLUE_GAS_BOUNDARY,FG-SRC-001,Source/Sink Boundary,MASS_FLOW_OUT,Stack 배기가스 질량유량,AI,REAL,t/h,M,M,A,GasTurbineTrip.flueGasBoundary.mass_flow_out,MODEL,N/A,,INFO,100,N,tracks inlet,https://ep.liu.se/konferensartikel.aspx?Article_No=46&issue=132&series=,공개 모델값의 TripLens alias; Published mass-flow boundary uses t/h with exact ×3.6 conversion.
TSP.FG_IN.PRESS_OUT,Thermo VPP,FG,FLUE_GAS_BOUNDARY,FG-SRC-001,Source/Sink Boundary,PRESS_OUT,Stack 배기가스 압력,AI,REAL,Pa,M,M,A,GasTurbineTrip.flueGasBoundary.press_out,MODEL,N/A,,INFO,100,N,tracks sink boundary,https://ep.liu.se/konferensartikel.aspx?Article_No=46&issue=132&series=,공개 모델값의 TripLens alias
TSP.HRSG.SH-01.Q_THERMAL,Thermo VPP,HRSG,HP_SUPERHEATER,A-SH-01,SUPERHEATER,Q_THERMAL,HP 열교환 열량,AI,REAL,W,M,M,A,DynamicExchangerWaterSteamFlueGases.q_thermal,MODEL,N/A,,INFO,500,N,decreases with thermal lag,https://ep.liu.se/konferensartikel.aspx?Article_No=46&issue=132&series=,HX count [M]; exact SH-01 allocation/order [A]
TSP.HRSG.SH-01.FG_TEMP_IN,Thermo VPP,HRSG,HP_SUPERHEATER,A-SH-01,SUPERHEATER,FG_TEMP_IN,HP 배기가스 입구온도,AI,REAL,K,M,M,A,DynamicExchangerWaterSteamFlueGases.fg_temp_in,MODEL,N/A,,INFO,500,N,decreases with thermal lag,https://ep.liu.se/konferensartikel.aspx?Article_No=46&issue=132&series=,HX count [M]; exact SH-01 allocation/order [A]
TSP.HRSG.SH-01.FG_TEMP_OUT,Thermo VPP,HRSG,HP_SUPERHEATER,A-SH-01,SUPERHEATER,FG_TEMP_OUT,HP 배기가스 출구온도,AI,REAL,K,M,M,A,DynamicExchangerWaterSteamFlueGases.fg_temp_out,MODEL,N/A,,INFO,500,N,decreases with thermal lag,https://ep.liu.se/konferensartikel.aspx?Article_No=46&issue=132&series=,HX count [M]; exact SH-01 allocation/order [A]
TSP.HRSG.SH-01.WS_TEMP_IN,Thermo VPP,HRSG,HP_SUPERHEATER,A-SH-01,SUPERHEATER,WS_TEMP_IN,HP 수·증기측 입구온도,AI,REAL,K,M,M,A,DynamicExchangerWaterSteamFlueGases.ws_temp_in,MODEL,N/A,,INFO,500,N,decreases with thermal lag,https://ep.liu.se/konferensartikel.aspx?Article_No=46&issue=132&series=,HX count [M]; exact SH-01 allocation/order [A]
TSP.HRSG.SH-01.WS_TEMP_OUT,Thermo VPP,HRSG,HP_SUPERHEATER,A-SH-01,SUPERHEATER,WS_TEMP_OUT,HP 수·증기측 출구온도,AI,REAL,K,M,M,A,DynamicExchangerWaterSteamFlueGases.ws_temp_out,MODEL,N/A,,INFO,500,N,decreases with thermal lag,https://ep.liu.se/konferensartikel.aspx?Article_No=46&issue=132&series=,HX count [M]; exact SH-01 allocation/order [A]
TSP.HRSG.SH-01.WS_PRESS_IN,Thermo VPP,HRSG,HP_SUPERHEATER,A-SH-01,SUPERHEATER,WS_PRESS_IN,HP 수·증기측 입구압력,AI,REAL,Pa,M,M,A,DynamicExchangerWaterSteamFlueGases.ws_press_in,MODEL,N/A,,INFO,500,N,model response,https://ep.liu.se/konferensartikel.aspx?Article_No=46&issue=132&series=,HX count [M]; exact SH-01 allocation/order [A]
TSP.HRSG.SH-01.WS_PRESS_OUT,Thermo VPP,HRSG,HP_SUPERHEATER,A-SH-01,SUPERHEATER,WS_PRESS_OUT,HP 수·증기측 출구압력,AI,REAL,Pa,M,M,A,DynamicExchangerWaterSteamFlueGases.ws_press_out,MODEL,N/A,,INFO,500,N,model response,https://ep.liu.se/konferensartikel.aspx?Article_No=46&issue=132&series=,HX count [M]; exact SH-01 allocation/order [A]
TSP.HRSG.SH-01.WS_MASS_FLOW,Thermo VPP,HRSG,HP_SUPERHEATER,A-SH-01,SUPERHEATER,WS_MASS_FLOW,HP 수·증기측 질량유량,AI,REAL,t/h,M,M,A,DynamicExchangerWaterSteamFlueGases.ws_mass_flow,MODEL,N/A,,INFO,500,N,model response,https://ep.liu.se/konferensartikel.aspx?Article_No=46&issue=132&series=,HX count [M]; exact SH-01 allocation/order [A]; Published mass-flow boundary uses t/h with exact ×3.6 conversion.
TSP.HRSG.SH-02.Q_THERMAL,Thermo VPP,HRSG,HP_SUPERHEATER,A-SH-02,SUPERHEATER,Q_THERMAL,HP 열교환 열량,AI,REAL,W,M,M,A,DynamicExchangerWaterSteamFlueGases.q_thermal,MODEL,N/A,,INFO,500,N,decreases with thermal lag,https://ep.liu.se/konferensartikel.aspx?Article_No=46&issue=132&series=,HX count [M]; exact SH-02 allocation/order [A]
TSP.HRSG.SH-02.FG_TEMP_IN,Thermo VPP,HRSG,HP_SUPERHEATER,A-SH-02,SUPERHEATER,FG_TEMP_IN,HP 배기가스 입구온도,AI,REAL,K,M,M,A,DynamicExchangerWaterSteamFlueGases.fg_temp_in,MODEL,N/A,,INFO,500,N,decreases with thermal lag,https://ep.liu.se/konferensartikel.aspx?Article_No=46&issue=132&series=,HX count [M]; exact SH-02 allocation/order [A]
TSP.HRSG.SH-02.FG_TEMP_OUT,Thermo VPP,HRSG,HP_SUPERHEATER,A-SH-02,SUPERHEATER,FG_TEMP_OUT,HP 배기가스 출구온도,AI,REAL,K,M,M,A,DynamicExchangerWaterSteamFlueGases.fg_temp_out,MODEL,N/A,,INFO,500,N,decreases with thermal lag,https://ep.liu.se/konferensartikel.aspx?Article_No=46&issue=132&series=,HX count [M]; exact SH-02 allocation/order [A]
TSP.HRSG.SH-02.WS_TEMP_IN,Thermo VPP,HRSG,HP_SUPERHEATER,A-SH-02,SUPERHEATER,WS_TEMP_IN,HP 수·증기측 입구온도,AI,REAL,K,M,M,A,DynamicExchangerWaterSteamFlueGases.ws_temp_in,MODEL,N/A,,INFO,500,N,decreases with thermal lag,https://ep.liu.se/konferensartikel.aspx?Article_No=46&issue=132&series=,HX count [M]; exact SH-02 allocation/order [A]
TSP.HRSG.SH-02.WS_TEMP_OUT,Thermo VPP,HRSG,HP_SUPERHEATER,A-SH-02,SUPERHEATER,WS_TEMP_OUT,HP 수·증기측 출구온도,AI,REAL,K,M,M,A,DynamicExchangerWaterSteamFlueGases.ws_temp_out,MODEL,N/A,,INFO,500,N,decreases with thermal lag,https://ep.liu.se/konferensartikel.aspx?Article_No=46&issue=132&series=,HX count [M]; exact SH-02 allocation/order [A]
TSP.HRSG.SH-02.WS_PRESS_IN,Thermo VPP,HRSG,HP_SUPERHEATER,A-SH-02,SUPERHEATER,WS_PRESS_IN,HP 수·증기측 입구압력,AI,REAL,Pa,M,M,A,DynamicExchangerWaterSteamFlueGases.ws_press_in,MODEL,N/A,,INFO,500,N,model response,https://ep.liu.se/konferensartikel.aspx?Article_No=46&issue=132&series=,HX count [M]; exact SH-02 allocation/order [A]
TSP.HRSG.SH-02.WS_PRESS_OUT,Thermo VPP,HRSG,HP_SUPERHEATER,A-SH-02,SUPERHEATER,WS_PRESS_OUT,HP 수·증기측 출구압력,AI,REAL,Pa,M,M,A,DynamicExchangerWaterSteamFlueGases.ws_press_out,MODEL,N/A,,INFO,500,N,model response,https://ep.liu.se/konferensartikel.aspx?Article_No=46&issue=132&series=,HX count [M]; exact SH-02 allocation/order [A]
TSP.HRSG.SH-02.WS_MASS_FLOW,Thermo VPP,HRSG,HP_SUPERHEATER,A-SH-02,SUPERHEATER,WS_MASS_FLOW,HP 수·증기측 질량유량,AI,REAL,t/h,M,M,A,DynamicExchangerWaterSteamFlueGases.ws_mass_flow,MODEL,N/A,,INFO,500,N,model response,https://ep.liu.se/konferensartikel.aspx?Article_No=46&issue=132&series=,HX count [M]; exact SH-02 allocation/order [A]; Published mass-flow boundary uses t/h with exact ×3.6 conversion.
TSP.HRSG.SH-03.Q_THERMAL,Thermo VPP,HRSG,HP_SUPERHEATER,A-SH-03,SUPERHEATER,Q_THERMAL,HP 열교환 열량,AI,REAL,W,M,M,A,DynamicExchangerWaterSteamFlueGases.q_thermal,MODEL,N/A,,INFO,500,N,decreases with thermal lag,https://ep.liu.se/konferensartikel.aspx?Article_No=46&issue=132&series=,HX count [M]; exact SH-03 allocation/order [A]
TSP.HRSG.SH-03.FG_TEMP_IN,Thermo VPP,HRSG,HP_SUPERHEATER,A-SH-03,SUPERHEATER,FG_TEMP_IN,HP 배기가스 입구온도,AI,REAL,K,M,M,A,DynamicExchangerWaterSteamFlueGases.fg_temp_in,MODEL,N/A,,INFO,500,N,decreases with thermal lag,https://ep.liu.se/konferensartikel.aspx?Article_No=46&issue=132&series=,HX count [M]; exact SH-03 allocation/order [A]
TSP.HRSG.SH-03.FG_TEMP_OUT,Thermo VPP,HRSG,HP_SUPERHEATER,A-SH-03,SUPERHEATER,FG_TEMP_OUT,HP 배기가스 출구온도,AI,REAL,K,M,M,A,DynamicExchangerWaterSteamFlueGases.fg_temp_out,MODEL,N/A,,INFO,500,N,decreases with thermal lag,https://ep.liu.se/konferensartikel.aspx?Article_No=46&issue=132&series=,HX count [M]; exact SH-03 allocation/order [A]
TSP.HRSG.SH-03.WS_TEMP_IN,Thermo VPP,HRSG,HP_SUPERHEATER,A-SH-03,SUPERHEATER,WS_TEMP_IN,HP 수·증기측 입구온도,AI,REAL,K,M,M,A,DynamicExchangerWaterSteamFlueGases.ws_temp_in,MODEL,N/A,,INFO,500,N,decreases with thermal lag,https://ep.liu.se/konferensartikel.aspx?Article_No=46&issue=132&series=,HX count [M]; exact SH-03 allocation/order [A]
TSP.HRSG.SH-03.WS_TEMP_OUT,Thermo VPP,HRSG,HP_SUPERHEATER,A-SH-03,SUPERHEATER,WS_TEMP_OUT,HP 수·증기측 출구온도,AI,REAL,K,M,M,A,DynamicExchangerWaterSteamFlueGases.ws_temp_out,MODEL,N/A,,INFO,500,N,decreases with thermal lag,https://ep.liu.se/konferensartikel.aspx?Article_No=46&issue=132&series=,HX count [M]; exact SH-03 allocation/order [A]
TSP.HRSG.SH-03.WS_PRESS_IN,Thermo VPP,HRSG,HP_SUPERHEATER,A-SH-03,SUPERHEATER,WS_PRESS_IN,HP 수·증기측 입구압력,AI,REAL,Pa,M,M,A,DynamicExchangerWaterSteamFlueGases.ws_press_in,MODEL,N/A,,INFO,500,N,model response,https://ep.liu.se/konferensartikel.aspx?Article_No=46&issue=132&series=,HX count [M]; exact SH-03 allocation/order [A]
TSP.HRSG.SH-03.WS_PRESS_OUT,Thermo VPP,HRSG,HP_SUPERHEATER,A-SH-03,SUPERHEATER,WS_PRESS_OUT,HP 수·증기측 출구압력,AI,REAL,Pa,M,M,A,DynamicExchangerWaterSteamFlueGases.ws_press_out,MODEL,N/A,,INFO,500,N,model response,https://ep.liu.se/konferensartikel.aspx?Article_No=46&issue=132&series=,HX count [M]; exact SH-03 allocation/order [A]
TSP.HRSG.SH-03.WS_MASS_FLOW,Thermo VPP,HRSG,HP_SUPERHEATER,A-SH-03,SUPERHEATER,WS_MASS_FLOW,HP 수·증기측 질량유량,AI,REAL,t/h,M,M,A,DynamicExchangerWaterSteamFlueGases.ws_mass_flow,MODEL,N/A,,INFO,500,N,model response,https://ep.liu.se/konferensartikel.aspx?Article_No=46&issue=132&series=,HX count [M]; exact SH-03 allocation/order [A]; Published mass-flow boundary uses t/h with exact ×3.6 conversion.
TSP.HRSG.SH-04.Q_THERMAL,Thermo VPP,HRSG,IP_SUPERHEATER,A-SH-04,SUPERHEATER,Q_THERMAL,IP 열교환 열량,AI,REAL,W,M,M,A,DynamicExchangerWaterSteamFlueGases.q_thermal,MODEL,N/A,,INFO,500,N,decreases with thermal lag,https://ep.liu.se/konferensartikel.aspx?Article_No=46&issue=132&series=,HX count [M]; exact SH-04 allocation/order [A]
TSP.HRSG.SH-04.FG_TEMP_IN,Thermo VPP,HRSG,IP_SUPERHEATER,A-SH-04,SUPERHEATER,FG_TEMP_IN,IP 배기가스 입구온도,AI,REAL,K,M,M,A,DynamicExchangerWaterSteamFlueGases.fg_temp_in,MODEL,N/A,,INFO,500,N,decreases with thermal lag,https://ep.liu.se/konferensartikel.aspx?Article_No=46&issue=132&series=,HX count [M]; exact SH-04 allocation/order [A]
TSP.HRSG.SH-04.FG_TEMP_OUT,Thermo VPP,HRSG,IP_SUPERHEATER,A-SH-04,SUPERHEATER,FG_TEMP_OUT,IP 배기가스 출구온도,AI,REAL,K,M,M,A,DynamicExchangerWaterSteamFlueGases.fg_temp_out,MODEL,N/A,,INFO,500,N,decreases with thermal lag,https://ep.liu.se/konferensartikel.aspx?Article_No=46&issue=132&series=,HX count [M]; exact SH-04 allocation/order [A]
TSP.HRSG.SH-04.WS_TEMP_IN,Thermo VPP,HRSG,IP_SUPERHEATER,A-SH-04,SUPERHEATER,WS_TEMP_IN,IP 수·증기측 입구온도,AI,REAL,K,M,M,A,DynamicExchangerWaterSteamFlueGases.ws_temp_in,MODEL,N/A,,INFO,500,N,decreases with thermal lag,https://ep.liu.se/konferensartikel.aspx?Article_No=46&issue=132&series=,HX count [M]; exact SH-04 allocation/order [A]
TSP.HRSG.SH-04.WS_TEMP_OUT,Thermo VPP,HRSG,IP_SUPERHEATER,A-SH-04,SUPERHEATER,WS_TEMP_OUT,IP 수·증기측 출구온도,AI,REAL,K,M,M,A,DynamicExchangerWaterSteamFlueGases.ws_temp_out,MODEL,N/A,,INFO,500,N,decreases with thermal lag,https://ep.liu.se/konferensartikel.aspx?Article_No=46&issue=132&series=,HX count [M]; exact SH-04 allocation/order [A]
TSP.HRSG.SH-04.WS_PRESS_IN,Thermo VPP,HRSG,IP_SUPERHEATER,A-SH-04,SUPERHEATER,WS_PRESS_IN,IP 수·증기측 입구압력,AI,REAL,Pa,M,M,A,DynamicExchangerWaterSteamFlueGases.ws_press_in,MODEL,N/A,,INFO,500,N,model response,https://ep.liu.se/konferensartikel.aspx?Article_No=46&issue=132&series=,HX count [M]; exact SH-04 allocation/order [A]
TSP.HRSG.SH-04.WS_PRESS_OUT,Thermo VPP,HRSG,IP_SUPERHEATER,A-SH-04,SUPERHEATER,WS_PRESS_OUT,IP 수·증기측 출구압력,AI,REAL,Pa,M,M,A,DynamicExchangerWaterSteamFlueGases.ws_press_out,MODEL,N/A,,INFO,500,N,model response,https://ep.liu.se/konferensartikel.aspx?Article_No=46&issue=132&series=,HX count [M]; exact SH-04 allocation/order [A]
TSP.HRSG.SH-04.WS_MASS_FLOW,Thermo VPP,HRSG,IP_SUPERHEATER,A-SH-04,SUPERHEATER,WS_MASS_FLOW,IP 수·증기측 질량유량,AI,REAL,t/h,M,M,A,DynamicExchangerWaterSteamFlueGases.ws_mass_flow,MODEL,N/A,,INFO,500,N,model response,https://ep.liu.se/konferensartikel.aspx?Article_No=46&issue=132&series=,HX count [M]; exact SH-04 allocation/order [A]; Published mass-flow boundary uses t/h with exact ×3.6 conversion.
TSP.HRSG.SH-05.Q_THERMAL,Thermo VPP,HRSG,IP_SUPERHEATER,A-SH-05,SUPERHEATER,Q_THERMAL,IP 열교환 열량,AI,REAL,W,M,M,A,DynamicExchangerWaterSteamFlueGases.q_thermal,MODEL,N/A,,INFO,500,N,decreases with thermal lag,https://ep.liu.se/konferensartikel.aspx?Article_No=46&issue=132&series=,HX count [M]; exact SH-05 allocation/order [A]
TSP.HRSG.SH-05.FG_TEMP_IN,Thermo VPP,HRSG,IP_SUPERHEATER,A-SH-05,SUPERHEATER,FG_TEMP_IN,IP 배기가스 입구온도,AI,REAL,K,M,M,A,DynamicExchangerWaterSteamFlueGases.fg_temp_in,MODEL,N/A,,INFO,500,N,decreases with thermal lag,https://ep.liu.se/konferensartikel.aspx?Article_No=46&issue=132&series=,HX count [M]; exact SH-05 allocation/order [A]
TSP.HRSG.SH-05.FG_TEMP_OUT,Thermo VPP,HRSG,IP_SUPERHEATER,A-SH-05,SUPERHEATER,FG_TEMP_OUT,IP 배기가스 출구온도,AI,REAL,K,M,M,A,DynamicExchangerWaterSteamFlueGases.fg_temp_out,MODEL,N/A,,INFO,500,N,decreases with thermal lag,https://ep.liu.se/konferensartikel.aspx?Article_No=46&issue=132&series=,HX count [M]; exact SH-05 allocation/order [A]
TSP.HRSG.SH-05.WS_TEMP_IN,Thermo VPP,HRSG,IP_SUPERHEATER,A-SH-05,SUPERHEATER,WS_TEMP_IN,IP 수·증기측 입구온도,AI,REAL,K,M,M,A,DynamicExchangerWaterSteamFlueGases.ws_temp_in,MODEL,N/A,,INFO,500,N,decreases with thermal lag,https://ep.liu.se/konferensartikel.aspx?Article_No=46&issue=132&series=,HX count [M]; exact SH-05 allocation/order [A]
TSP.HRSG.SH-05.WS_TEMP_OUT,Thermo VPP,HRSG,IP_SUPERHEATER,A-SH-05,SUPERHEATER,WS_TEMP_OUT,IP 수·증기측 출구온도,AI,REAL,K,M,M,A,DynamicExchangerWaterSteamFlueGases.ws_temp_out,MODEL,N/A,,INFO,500,N,decreases with thermal lag,https://ep.liu.se/konferensartikel.aspx?Article_No=46&issue=132&series=,HX count [M]; exact SH-05 allocation/order [A]
TSP.HRSG.SH-05.WS_PRESS_IN,Thermo VPP,HRSG,IP_SUPERHEATER,A-SH-05,SUPERHEATER,WS_PRESS_IN,IP 수·증기측 입구압력,AI,REAL,Pa,M,M,A,DynamicExchangerWaterSteamFlueGases.ws_press_in,MODEL,N/A,,INFO,500,N,model response,https://ep.liu.se/konferensartikel.aspx?Article_No=46&issue=132&series=,HX count [M]; exact SH-05 allocation/order [A]
TSP.HRSG.SH-05.WS_PRESS_OUT,Thermo VPP,HRSG,IP_SUPERHEATER,A-SH-05,SUPERHEATER,WS_PRESS_OUT,IP 수·증기측 출구압력,AI,REAL,Pa,M,M,A,DynamicExchangerWaterSteamFlueGases.ws_press_out,MODEL,N/A,,INFO,500,N,model response,https://ep.liu.se/konferensartikel.aspx?Article_No=46&issue=132&series=,HX count [M]; exact SH-05 allocation/order [A]
TSP.HRSG.SH-05.WS_MASS_FLOW,Thermo VPP,HRSG,IP_SUPERHEATER,A-SH-05,SUPERHEATER,WS_MASS_FLOW,IP 수·증기측 질량유량,AI,REAL,t/h,M,M,A,DynamicExchangerWaterSteamFlueGases.ws_mass_flow,MODEL,N/A,,INFO,500,N,model response,https://ep.liu.se/konferensartikel.aspx?Article_No=46&issue=132&series=,HX count [M]; exact SH-05 allocation/order [A]; Published mass-flow boundary uses t/h with exact ×3.6 conversion.
TSP.HRSG.SH-06.Q_THERMAL,Thermo VPP,HRSG,LP_SUPERHEATER,A-SH-06,SUPERHEATER,Q_THERMAL,LP 열교환 열량,AI,REAL,W,M,M,A,DynamicExchangerWaterSteamFlueGases.q_thermal,MODEL,N/A,,INFO,500,N,decreases with thermal lag,https://ep.liu.se/konferensartikel.aspx?Article_No=46&issue=132&series=,HX count [M]; exact SH-06 allocation/order [A]
TSP.HRSG.SH-06.FG_TEMP_IN,Thermo VPP,HRSG,LP_SUPERHEATER,A-SH-06,SUPERHEATER,FG_TEMP_IN,LP 배기가스 입구온도,AI,REAL,K,M,M,A,DynamicExchangerWaterSteamFlueGases.fg_temp_in,MODEL,N/A,,INFO,500,N,decreases with thermal lag,https://ep.liu.se/konferensartikel.aspx?Article_No=46&issue=132&series=,HX count [M]; exact SH-06 allocation/order [A]
TSP.HRSG.SH-06.FG_TEMP_OUT,Thermo VPP,HRSG,LP_SUPERHEATER,A-SH-06,SUPERHEATER,FG_TEMP_OUT,LP 배기가스 출구온도,AI,REAL,K,M,M,A,DynamicExchangerWaterSteamFlueGases.fg_temp_out,MODEL,N/A,,INFO,500,N,decreases with thermal lag,https://ep.liu.se/konferensartikel.aspx?Article_No=46&issue=132&series=,HX count [M]; exact SH-06 allocation/order [A]
TSP.HRSG.SH-06.WS_TEMP_IN,Thermo VPP,HRSG,LP_SUPERHEATER,A-SH-06,SUPERHEATER,WS_TEMP_IN,LP 수·증기측 입구온도,AI,REAL,K,M,M,A,DynamicExchangerWaterSteamFlueGases.ws_temp_in,MODEL,N/A,,INFO,500,N,decreases with thermal lag,https://ep.liu.se/konferensartikel.aspx?Article_No=46&issue=132&series=,HX count [M]; exact SH-06 allocation/order [A]
TSP.HRSG.SH-06.WS_TEMP_OUT,Thermo VPP,HRSG,LP_SUPERHEATER,A-SH-06,SUPERHEATER,WS_TEMP_OUT,LP 수·증기측 출구온도,AI,REAL,K,M,M,A,DynamicExchangerWaterSteamFlueGases.ws_temp_out,MODEL,N/A,,INFO,500,N,decreases with thermal lag,https://ep.liu.se/konferensartikel.aspx?Article_No=46&issue=132&series=,HX count [M]; exact SH-06 allocation/order [A]
TSP.HRSG.SH-06.WS_PRESS_IN,Thermo VPP,HRSG,LP_SUPERHEATER,A-SH-06,SUPERHEATER,WS_PRESS_IN,LP 수·증기측 입구압력,AI,REAL,Pa,M,M,A,DynamicExchangerWaterSteamFlueGases.ws_press_in,MODEL,N/A,,INFO,500,N,model response,https://ep.liu.se/konferensartikel.aspx?Article_No=46&issue=132&series=,HX count [M]; exact SH-06 allocation/order [A]
TSP.HRSG.SH-06.WS_PRESS_OUT,Thermo VPP,HRSG,LP_SUPERHEATER,A-SH-06,SUPERHEATER,WS_PRESS_OUT,LP 수·증기측 출구압력,AI,REAL,Pa,M,M,A,DynamicExchangerWaterSteamFlueGases.ws_press_out,MODEL,N/A,,INFO,500,N,model response,https://ep.liu.se/konferensartikel.aspx?Article_No=46&issue=132&series=,HX count [M]; exact SH-06 allocation/order [A]
TSP.HRSG.SH-06.WS_MASS_FLOW,Thermo VPP,HRSG,LP_SUPERHEATER,A-SH-06,SUPERHEATER,WS_MASS_FLOW,LP 수·증기측 질량유량,AI,REAL,t/h,M,M,A,DynamicExchangerWaterSteamFlueGases.ws_mass_flow,MODEL,N/A,,INFO,500,N,model response,https://ep.liu.se/konferensartikel.aspx?Article_No=46&issue=132&series=,HX count [M]; exact SH-06 allocation/order [A]; Published mass-flow boundary uses t/h with exact ×3.6 conversion.
TSP.HRSG.SH-07.Q_THERMAL,Thermo VPP,HRSG,LP_SUPERHEATER,A-SH-07,SUPERHEATER,Q_THERMAL,LP 열교환 열량,AI,REAL,W,M,M,A,DynamicExchangerWaterSteamFlueGases.q_thermal,MODEL,N/A,,INFO,500,N,decreases with thermal lag,https://ep.liu.se/konferensartikel.aspx?Article_No=46&issue=132&series=,HX count [M]; exact SH-07 allocation/order [A]
TSP.HRSG.SH-07.FG_TEMP_IN,Thermo VPP,HRSG,LP_SUPERHEATER,A-SH-07,SUPERHEATER,FG_TEMP_IN,LP 배기가스 입구온도,AI,REAL,K,M,M,A,DynamicExchangerWaterSteamFlueGases.fg_temp_in,MODEL,N/A,,INFO,500,N,decreases with thermal lag,https://ep.liu.se/konferensartikel.aspx?Article_No=46&issue=132&series=,HX count [M]; exact SH-07 allocation/order [A]
TSP.HRSG.SH-07.FG_TEMP_OUT,Thermo VPP,HRSG,LP_SUPERHEATER,A-SH-07,SUPERHEATER,FG_TEMP_OUT,LP 배기가스 출구온도,AI,REAL,K,M,M,A,DynamicExchangerWaterSteamFlueGases.fg_temp_out,MODEL,N/A,,INFO,500,N,decreases with thermal lag,https://ep.liu.se/konferensartikel.aspx?Article_No=46&issue=132&series=,HX count [M]; exact SH-07 allocation/order [A]
TSP.HRSG.SH-07.WS_TEMP_IN,Thermo VPP,HRSG,LP_SUPERHEATER,A-SH-07,SUPERHEATER,WS_TEMP_IN,LP 수·증기측 입구온도,AI,REAL,K,M,M,A,DynamicExchangerWaterSteamFlueGases.ws_temp_in,MODEL,N/A,,INFO,500,N,decreases with thermal lag,https://ep.liu.se/konferensartikel.aspx?Article_No=46&issue=132&series=,HX count [M]; exact SH-07 allocation/order [A]
TSP.HRSG.SH-07.WS_TEMP_OUT,Thermo VPP,HRSG,LP_SUPERHEATER,A-SH-07,SUPERHEATER,WS_TEMP_OUT,LP 수·증기측 출구온도,AI,REAL,K,M,M,A,DynamicExchangerWaterSteamFlueGases.ws_temp_out,MODEL,N/A,,INFO,500,N,decreases with thermal lag,https://ep.liu.se/konferensartikel.aspx?Article_No=46&issue=132&series=,HX count [M]; exact SH-07 allocation/order [A]
TSP.HRSG.SH-07.WS_PRESS_IN,Thermo VPP,HRSG,LP_SUPERHEATER,A-SH-07,SUPERHEATER,WS_PRESS_IN,LP 수·증기측 입구압력,AI,REAL,Pa,M,M,A,DynamicExchangerWaterSteamFlueGases.ws_press_in,MODEL,N/A,,INFO,500,N,model response,https://ep.liu.se/konferensartikel.aspx?Article_No=46&issue=132&series=,HX count [M]; exact SH-07 allocation/order [A]
TSP.HRSG.SH-07.WS_PRESS_OUT,Thermo VPP,HRSG,LP_SUPERHEATER,A-SH-07,SUPERHEATER,WS_PRESS_OUT,LP 수·증기측 출구압력,AI,REAL,Pa,M,M,A,DynamicExchangerWaterSteamFlueGases.ws_press_out,MODEL,N/A,,INFO,500,N,model response,https://ep.liu.se/konferensartikel.aspx?Article_No=46&issue=132&series=,HX count [M]; exact SH-07 allocation/order [A]
TSP.HRSG.SH-07.WS_MASS_FLOW,Thermo VPP,HRSG,LP_SUPERHEATER,A-SH-07,SUPERHEATER,WS_MASS_FLOW,LP 수·증기측 질량유량,AI,REAL,t/h,M,M,A,DynamicExchangerWaterSteamFlueGases.ws_mass_flow,MODEL,N/A,,INFO,500,N,model response,https://ep.liu.se/konferensartikel.aspx?Article_No=46&issue=132&series=,HX count [M]; exact SH-07 allocation/order [A]; Published mass-flow boundary uses t/h with exact ×3.6 conversion.
TSP.HRSG.EVAP-HP.Q_THERMAL,Thermo VPP,HRSG,HP_EVAPORATOR,A-EVAP-HP,EVAPORATOR,Q_THERMAL,HP 열교환 열량,AI,REAL,W,M,M,A,DynamicExchangerWaterSteamFlueGases.q_thermal,MODEL,N/A,,INFO,500,N,decreases with thermal lag,https://ep.liu.se/konferensartikel.aspx?Article_No=46&issue=132&series=,HX count [M]; exact EVAP-HP allocation/order [M]
TSP.HRSG.EVAP-HP.FG_TEMP_IN,Thermo VPP,HRSG,HP_EVAPORATOR,A-EVAP-HP,EVAPORATOR,FG_TEMP_IN,HP 배기가스 입구온도,AI,REAL,K,M,M,A,DynamicExchangerWaterSteamFlueGases.fg_temp_in,MODEL,N/A,,INFO,500,N,decreases with thermal lag,https://ep.liu.se/konferensartikel.aspx?Article_No=46&issue=132&series=,HX count [M]; exact EVAP-HP allocation/order [M]
TSP.HRSG.EVAP-HP.FG_TEMP_OUT,Thermo VPP,HRSG,HP_EVAPORATOR,A-EVAP-HP,EVAPORATOR,FG_TEMP_OUT,HP 배기가스 출구온도,AI,REAL,K,M,M,A,DynamicExchangerWaterSteamFlueGases.fg_temp_out,MODEL,N/A,,INFO,500,N,decreases with thermal lag,https://ep.liu.se/konferensartikel.aspx?Article_No=46&issue=132&series=,HX count [M]; exact EVAP-HP allocation/order [M]
TSP.HRSG.EVAP-HP.WS_TEMP_IN,Thermo VPP,HRSG,HP_EVAPORATOR,A-EVAP-HP,EVAPORATOR,WS_TEMP_IN,HP 수·증기측 입구온도,AI,REAL,K,M,M,A,DynamicExchangerWaterSteamFlueGases.ws_temp_in,MODEL,N/A,,INFO,500,N,decreases with thermal lag,https://ep.liu.se/konferensartikel.aspx?Article_No=46&issue=132&series=,HX count [M]; exact EVAP-HP allocation/order [M]
TSP.HRSG.EVAP-HP.WS_TEMP_OUT,Thermo VPP,HRSG,HP_EVAPORATOR,A-EVAP-HP,EVAPORATOR,WS_TEMP_OUT,HP 수·증기측 출구온도,AI,REAL,K,M,M,A,DynamicExchangerWaterSteamFlueGases.ws_temp_out,MODEL,N/A,,INFO,500,N,decreases with thermal lag,https://ep.liu.se/konferensartikel.aspx?Article_No=46&issue=132&series=,HX count [M]; exact EVAP-HP allocation/order [M]
TSP.HRSG.EVAP-HP.WS_PRESS_IN,Thermo VPP,HRSG,HP_EVAPORATOR,A-EVAP-HP,EVAPORATOR,WS_PRESS_IN,HP 수·증기측 입구압력,AI,REAL,Pa,M,M,A,DynamicExchangerWaterSteamFlueGases.ws_press_in,MODEL,N/A,,INFO,500,N,model response,https://ep.liu.se/konferensartikel.aspx?Article_No=46&issue=132&series=,HX count [M]; exact EVAP-HP allocation/order [M]
TSP.HRSG.EVAP-HP.WS_PRESS_OUT,Thermo VPP,HRSG,HP_EVAPORATOR,A-EVAP-HP,EVAPORATOR,WS_PRESS_OUT,HP 수·증기측 출구압력,AI,REAL,Pa,M,M,A,DynamicExchangerWaterSteamFlueGases.ws_press_out,MODEL,N/A,,INFO,500,N,model response,https://ep.liu.se/konferensartikel.aspx?Article_No=46&issue=132&series=,HX count [M]; exact EVAP-HP allocation/order [M]
TSP.HRSG.EVAP-HP.WS_MASS_FLOW,Thermo VPP,HRSG,HP_EVAPORATOR,A-EVAP-HP,EVAPORATOR,WS_MASS_FLOW,HP 수·증기측 질량유량,AI,REAL,t/h,M,M,A,DynamicExchangerWaterSteamFlueGases.ws_mass_flow,MODEL,N/A,,INFO,500,N,model response,https://ep.liu.se/konferensartikel.aspx?Article_No=46&issue=132&series=,HX count [M]; exact EVAP-HP allocation/order [M]; Published mass-flow boundary uses t/h with exact ×3.6 conversion.
TSP.HRSG.EVAP-IP.Q_THERMAL,Thermo VPP,HRSG,IP_EVAPORATOR,A-EVAP-IP,EVAPORATOR,Q_THERMAL,IP 열교환 열량,AI,REAL,W,M,M,A,DynamicExchangerWaterSteamFlueGases.q_thermal,MODEL,N/A,,INFO,500,N,decreases with thermal lag,https://ep.liu.se/konferensartikel.aspx?Article_No=46&issue=132&series=,HX count [M]; exact EVAP-IP allocation/order [M]
TSP.HRSG.EVAP-IP.FG_TEMP_IN,Thermo VPP,HRSG,IP_EVAPORATOR,A-EVAP-IP,EVAPORATOR,FG_TEMP_IN,IP 배기가스 입구온도,AI,REAL,K,M,M,A,DynamicExchangerWaterSteamFlueGases.fg_temp_in,MODEL,N/A,,INFO,500,N,decreases with thermal lag,https://ep.liu.se/konferensartikel.aspx?Article_No=46&issue=132&series=,HX count [M]; exact EVAP-IP allocation/order [M]
TSP.HRSG.EVAP-IP.FG_TEMP_OUT,Thermo VPP,HRSG,IP_EVAPORATOR,A-EVAP-IP,EVAPORATOR,FG_TEMP_OUT,IP 배기가스 출구온도,AI,REAL,K,M,M,A,DynamicExchangerWaterSteamFlueGases.fg_temp_out,MODEL,N/A,,INFO,500,N,decreases with thermal lag,https://ep.liu.se/konferensartikel.aspx?Article_No=46&issue=132&series=,HX count [M]; exact EVAP-IP allocation/order [M]
TSP.HRSG.EVAP-IP.WS_TEMP_IN,Thermo VPP,HRSG,IP_EVAPORATOR,A-EVAP-IP,EVAPORATOR,WS_TEMP_IN,IP 수·증기측 입구온도,AI,REAL,K,M,M,A,DynamicExchangerWaterSteamFlueGases.ws_temp_in,MODEL,N/A,,INFO,500,N,decreases with thermal lag,https://ep.liu.se/konferensartikel.aspx?Article_No=46&issue=132&series=,HX count [M]; exact EVAP-IP allocation/order [M]
TSP.HRSG.EVAP-IP.WS_TEMP_OUT,Thermo VPP,HRSG,IP_EVAPORATOR,A-EVAP-IP,EVAPORATOR,WS_TEMP_OUT,IP 수·증기측 출구온도,AI,REAL,K,M,M,A,DynamicExchangerWaterSteamFlueGases.ws_temp_out,MODEL,N/A,,INFO,500,N,decreases with thermal lag,https://ep.liu.se/konferensartikel.aspx?Article_No=46&issue=132&series=,HX count [M]; exact EVAP-IP allocation/order [M]
TSP.HRSG.EVAP-IP.WS_PRESS_IN,Thermo VPP,HRSG,IP_EVAPORATOR,A-EVAP-IP,EVAPORATOR,WS_PRESS_IN,IP 수·증기측 입구압력,AI,REAL,Pa,M,M,A,DynamicExchangerWaterSteamFlueGases.ws_press_in,MODEL,N/A,,INFO,500,N,model response,https://ep.liu.se/konferensartikel.aspx?Article_No=46&issue=132&series=,HX count [M]; exact EVAP-IP allocation/order [M]
TSP.HRSG.EVAP-IP.WS_PRESS_OUT,Thermo VPP,HRSG,IP_EVAPORATOR,A-EVAP-IP,EVAPORATOR,WS_PRESS_OUT,IP 수·증기측 출구압력,AI,REAL,Pa,M,M,A,DynamicExchangerWaterSteamFlueGases.ws_press_out,MODEL,N/A,,INFO,500,N,model response,https://ep.liu.se/konferensartikel.aspx?Article_No=46&issue=132&series=,HX count [M]; exact EVAP-IP allocation/order [M]
TSP.HRSG.EVAP-IP.WS_MASS_FLOW,Thermo VPP,HRSG,IP_EVAPORATOR,A-EVAP-IP,EVAPORATOR,WS_MASS_FLOW,IP 수·증기측 질량유량,AI,REAL,t/h,M,M,A,DynamicExchangerWaterSteamFlueGases.ws_mass_flow,MODEL,N/A,,INFO,500,N,model response,https://ep.liu.se/konferensartikel.aspx?Article_No=46&issue=132&series=,HX count [M]; exact EVAP-IP allocation/order [M]; Published mass-flow boundary uses t/h with exact ×3.6 conversion.
TSP.HRSG.EVAP-LP.Q_THERMAL,Thermo VPP,HRSG,LP_EVAPORATOR,A-EVAP-LP,EVAPORATOR,Q_THERMAL,LP 열교환 열량,AI,REAL,W,M,M,A,DynamicExchangerWaterSteamFlueGases.q_thermal,MODEL,N/A,,INFO,500,N,decreases with thermal lag,https://ep.liu.se/konferensartikel.aspx?Article_No=46&issue=132&series=,HX count [M]; exact EVAP-LP allocation/order [M]
TSP.HRSG.EVAP-LP.FG_TEMP_IN,Thermo VPP,HRSG,LP_EVAPORATOR,A-EVAP-LP,EVAPORATOR,FG_TEMP_IN,LP 배기가스 입구온도,AI,REAL,K,M,M,A,DynamicExchangerWaterSteamFlueGases.fg_temp_in,MODEL,N/A,,INFO,500,N,decreases with thermal lag,https://ep.liu.se/konferensartikel.aspx?Article_No=46&issue=132&series=,HX count [M]; exact EVAP-LP allocation/order [M]
TSP.HRSG.EVAP-LP.FG_TEMP_OUT,Thermo VPP,HRSG,LP_EVAPORATOR,A-EVAP-LP,EVAPORATOR,FG_TEMP_OUT,LP 배기가스 출구온도,AI,REAL,K,M,M,A,DynamicExchangerWaterSteamFlueGases.fg_temp_out,MODEL,N/A,,INFO,500,N,decreases with thermal lag,https://ep.liu.se/konferensartikel.aspx?Article_No=46&issue=132&series=,HX count [M]; exact EVAP-LP allocation/order [M]
TSP.HRSG.EVAP-LP.WS_TEMP_IN,Thermo VPP,HRSG,LP_EVAPORATOR,A-EVAP-LP,EVAPORATOR,WS_TEMP_IN,LP 수·증기측 입구온도,AI,REAL,K,M,M,A,DynamicExchangerWaterSteamFlueGases.ws_temp_in,MODEL,N/A,,INFO,500,N,decreases with thermal lag,https://ep.liu.se/konferensartikel.aspx?Article_No=46&issue=132&series=,HX count [M]; exact EVAP-LP allocation/order [M]
TSP.HRSG.EVAP-LP.WS_TEMP_OUT,Thermo VPP,HRSG,LP_EVAPORATOR,A-EVAP-LP,EVAPORATOR,WS_TEMP_OUT,LP 수·증기측 출구온도,AI,REAL,K,M,M,A,DynamicExchangerWaterSteamFlueGases.ws_temp_out,MODEL,N/A,,INFO,500,N,decreases with thermal lag,https://ep.liu.se/konferensartikel.aspx?Article_No=46&issue=132&series=,HX count [M]; exact EVAP-LP allocation/order [M]
TSP.HRSG.EVAP-LP.WS_PRESS_IN,Thermo VPP,HRSG,LP_EVAPORATOR,A-EVAP-LP,EVAPORATOR,WS_PRESS_IN,LP 수·증기측 입구압력,AI,REAL,Pa,M,M,A,DynamicExchangerWaterSteamFlueGases.ws_press_in,MODEL,N/A,,INFO,500,N,model response,https://ep.liu.se/konferensartikel.aspx?Article_No=46&issue=132&series=,HX count [M]; exact EVAP-LP allocation/order [M]
TSP.HRSG.EVAP-LP.WS_PRESS_OUT,Thermo VPP,HRSG,LP_EVAPORATOR,A-EVAP-LP,EVAPORATOR,WS_PRESS_OUT,LP 수·증기측 출구압력,AI,REAL,Pa,M,M,A,DynamicExchangerWaterSteamFlueGases.ws_press_out,MODEL,N/A,,INFO,500,N,model response,https://ep.liu.se/konferensartikel.aspx?Article_No=46&issue=132&series=,HX count [M]; exact EVAP-LP allocation/order [M]
TSP.HRSG.EVAP-LP.WS_MASS_FLOW,Thermo VPP,HRSG,LP_EVAPORATOR,A-EVAP-LP,EVAPORATOR,WS_MASS_FLOW,LP 수·증기측 질량유량,AI,REAL,t/h,M,M,A,DynamicExchangerWaterSteamFlueGases.ws_mass_flow,MODEL,N/A,,INFO,500,N,model response,https://ep.liu.se/konferensartikel.aspx?Article_No=46&issue=132&series=,HX count [M]; exact EVAP-LP allocation/order [M]; Published mass-flow boundary uses t/h with exact ×3.6 conversion.
TSP.HRSG.ECO-01.Q_THERMAL,Thermo VPP,HRSG,HP_ECONOMIZER,A-ECO-01,ECONOMIZER,Q_THERMAL,HP 열교환 열량,AI,REAL,W,M,M,A,DynamicExchangerWaterSteamFlueGases.q_thermal,MODEL,N/A,,INFO,500,N,decreases with thermal lag,https://ep.liu.se/konferensartikel.aspx?Article_No=46&issue=132&series=,HX count [M]; exact ECO-01 allocation/order [A]
TSP.HRSG.ECO-01.FG_TEMP_IN,Thermo VPP,HRSG,HP_ECONOMIZER,A-ECO-01,ECONOMIZER,FG_TEMP_IN,HP 배기가스 입구온도,AI,REAL,K,M,M,A,DynamicExchangerWaterSteamFlueGases.fg_temp_in,MODEL,N/A,,INFO,500,N,decreases with thermal lag,https://ep.liu.se/konferensartikel.aspx?Article_No=46&issue=132&series=,HX count [M]; exact ECO-01 allocation/order [A]
TSP.HRSG.ECO-01.FG_TEMP_OUT,Thermo VPP,HRSG,HP_ECONOMIZER,A-ECO-01,ECONOMIZER,FG_TEMP_OUT,HP 배기가스 출구온도,AI,REAL,K,M,M,A,DynamicExchangerWaterSteamFlueGases.fg_temp_out,MODEL,N/A,,INFO,500,N,decreases with thermal lag,https://ep.liu.se/konferensartikel.aspx?Article_No=46&issue=132&series=,HX count [M]; exact ECO-01 allocation/order [A]
TSP.HRSG.ECO-01.WS_TEMP_IN,Thermo VPP,HRSG,HP_ECONOMIZER,A-ECO-01,ECONOMIZER,WS_TEMP_IN,HP 수·증기측 입구온도,AI,REAL,K,M,M,A,DynamicExchangerWaterSteamFlueGases.ws_temp_in,MODEL,N/A,,INFO,500,N,decreases with thermal lag,https://ep.liu.se/konferensartikel.aspx?Article_No=46&issue=132&series=,HX count [M]; exact ECO-01 allocation/order [A]
TSP.HRSG.ECO-01.WS_TEMP_OUT,Thermo VPP,HRSG,HP_ECONOMIZER,A-ECO-01,ECONOMIZER,WS_TEMP_OUT,HP 수·증기측 출구온도,AI,REAL,K,M,M,A,DynamicExchangerWaterSteamFlueGases.ws_temp_out,MODEL,N/A,,INFO,500,N,decreases with thermal lag,https://ep.liu.se/konferensartikel.aspx?Article_No=46&issue=132&series=,HX count [M]; exact ECO-01 allocation/order [A]
TSP.HRSG.ECO-01.WS_PRESS_IN,Thermo VPP,HRSG,HP_ECONOMIZER,A-ECO-01,ECONOMIZER,WS_PRESS_IN,HP 수·증기측 입구압력,AI,REAL,Pa,M,M,A,DynamicExchangerWaterSteamFlueGases.ws_press_in,MODEL,N/A,,INFO,500,N,model response,https://ep.liu.se/konferensartikel.aspx?Article_No=46&issue=132&series=,HX count [M]; exact ECO-01 allocation/order [A]
TSP.HRSG.ECO-01.WS_PRESS_OUT,Thermo VPP,HRSG,HP_ECONOMIZER,A-ECO-01,ECONOMIZER,WS_PRESS_OUT,HP 수·증기측 출구압력,AI,REAL,Pa,M,M,A,DynamicExchangerWaterSteamFlueGases.ws_press_out,MODEL,N/A,,INFO,500,N,model response,https://ep.liu.se/konferensartikel.aspx?Article_No=46&issue=132&series=,HX count [M]; exact ECO-01 allocation/order [A]
TSP.HRSG.ECO-01.WS_MASS_FLOW,Thermo VPP,HRSG,HP_ECONOMIZER,A-ECO-01,ECONOMIZER,WS_MASS_FLOW,HP 수·증기측 질량유량,AI,REAL,t/h,M,M,A,DynamicExchangerWaterSteamFlueGases.ws_mass_flow,MODEL,N/A,,INFO,500,N,model response,https://ep.liu.se/konferensartikel.aspx?Article_No=46&issue=132&series=,HX count [M]; exact ECO-01 allocation/order [A]; Published mass-flow boundary uses t/h with exact ×3.6 conversion.
TSP.HRSG.ECO-02.Q_THERMAL,Thermo VPP,HRSG,HP_ECONOMIZER,A-ECO-02,ECONOMIZER,Q_THERMAL,HP 열교환 열량,AI,REAL,W,M,M,A,DynamicExchangerWaterSteamFlueGases.q_thermal,MODEL,N/A,,INFO,500,N,decreases with thermal lag,https://ep.liu.se/konferensartikel.aspx?Article_No=46&issue=132&series=,HX count [M]; exact ECO-02 allocation/order [A]
TSP.HRSG.ECO-02.FG_TEMP_IN,Thermo VPP,HRSG,HP_ECONOMIZER,A-ECO-02,ECONOMIZER,FG_TEMP_IN,HP 배기가스 입구온도,AI,REAL,K,M,M,A,DynamicExchangerWaterSteamFlueGases.fg_temp_in,MODEL,N/A,,INFO,500,N,decreases with thermal lag,https://ep.liu.se/konferensartikel.aspx?Article_No=46&issue=132&series=,HX count [M]; exact ECO-02 allocation/order [A]
TSP.HRSG.ECO-02.FG_TEMP_OUT,Thermo VPP,HRSG,HP_ECONOMIZER,A-ECO-02,ECONOMIZER,FG_TEMP_OUT,HP 배기가스 출구온도,AI,REAL,K,M,M,A,DynamicExchangerWaterSteamFlueGases.fg_temp_out,MODEL,N/A,,INFO,500,N,decreases with thermal lag,https://ep.liu.se/konferensartikel.aspx?Article_No=46&issue=132&series=,HX count [M]; exact ECO-02 allocation/order [A]
TSP.HRSG.ECO-02.WS_TEMP_IN,Thermo VPP,HRSG,HP_ECONOMIZER,A-ECO-02,ECONOMIZER,WS_TEMP_IN,HP 수·증기측 입구온도,AI,REAL,K,M,M,A,DynamicExchangerWaterSteamFlueGases.ws_temp_in,MODEL,N/A,,INFO,500,N,decreases with thermal lag,https://ep.liu.se/konferensartikel.aspx?Article_No=46&issue=132&series=,HX count [M]; exact ECO-02 allocation/order [A]
TSP.HRSG.ECO-02.WS_TEMP_OUT,Thermo VPP,HRSG,HP_ECONOMIZER,A-ECO-02,ECONOMIZER,WS_TEMP_OUT,HP 수·증기측 출구온도,AI,REAL,K,M,M,A,DynamicExchangerWaterSteamFlueGases.ws_temp_out,MODEL,N/A,,INFO,500,N,decreases with thermal lag,https://ep.liu.se/konferensartikel.aspx?Article_No=46&issue=132&series=,HX count [M]; exact ECO-02 allocation/order [A]
TSP.HRSG.ECO-02.WS_PRESS_IN,Thermo VPP,HRSG,HP_ECONOMIZER,A-ECO-02,ECONOMIZER,WS_PRESS_IN,HP 수·증기측 입구압력,AI,REAL,Pa,M,M,A,DynamicExchangerWaterSteamFlueGases.ws_press_in,MODEL,N/A,,INFO,500,N,model response,https://ep.liu.se/konferensartikel.aspx?Article_No=46&issue=132&series=,HX count [M]; exact ECO-02 allocation/order [A]
TSP.HRSG.ECO-02.WS_PRESS_OUT,Thermo VPP,HRSG,HP_ECONOMIZER,A-ECO-02,ECONOMIZER,WS_PRESS_OUT,HP 수·증기측 출구압력,AI,REAL,Pa,M,M,A,DynamicExchangerWaterSteamFlueGases.ws_press_out,MODEL,N/A,,INFO,500,N,model response,https://ep.liu.se/konferensartikel.aspx?Article_No=46&issue=132&series=,HX count [M]; exact ECO-02 allocation/order [A]
TSP.HRSG.ECO-02.WS_MASS_FLOW,Thermo VPP,HRSG,HP_ECONOMIZER,A-ECO-02,ECONOMIZER,WS_MASS_FLOW,HP 수·증기측 질량유량,AI,REAL,t/h,M,M,A,DynamicExchangerWaterSteamFlueGases.ws_mass_flow,MODEL,N/A,,INFO,500,N,model response,https://ep.liu.se/konferensartikel.aspx?Article_No=46&issue=132&series=,HX count [M]; exact ECO-02 allocation/order [A]; Published mass-flow boundary uses t/h with exact ×3.6 conversion.
TSP.HRSG.ECO-03.Q_THERMAL,Thermo VPP,HRSG,IP_ECONOMIZER,A-ECO-03,ECONOMIZER,Q_THERMAL,IP 열교환 열량,AI,REAL,W,M,M,A,DynamicExchangerWaterSteamFlueGases.q_thermal,MODEL,N/A,,INFO,500,N,decreases with thermal lag,https://ep.liu.se/konferensartikel.aspx?Article_No=46&issue=132&series=,HX count [M]; exact ECO-03 allocation/order [A]
TSP.HRSG.ECO-03.FG_TEMP_IN,Thermo VPP,HRSG,IP_ECONOMIZER,A-ECO-03,ECONOMIZER,FG_TEMP_IN,IP 배기가스 입구온도,AI,REAL,K,M,M,A,DynamicExchangerWaterSteamFlueGases.fg_temp_in,MODEL,N/A,,INFO,500,N,decreases with thermal lag,https://ep.liu.se/konferensartikel.aspx?Article_No=46&issue=132&series=,HX count [M]; exact ECO-03 allocation/order [A]
TSP.HRSG.ECO-03.FG_TEMP_OUT,Thermo VPP,HRSG,IP_ECONOMIZER,A-ECO-03,ECONOMIZER,FG_TEMP_OUT,IP 배기가스 출구온도,AI,REAL,K,M,M,A,DynamicExchangerWaterSteamFlueGases.fg_temp_out,MODEL,N/A,,INFO,500,N,decreases with thermal lag,https://ep.liu.se/konferensartikel.aspx?Article_No=46&issue=132&series=,HX count [M]; exact ECO-03 allocation/order [A]
TSP.HRSG.ECO-03.WS_TEMP_IN,Thermo VPP,HRSG,IP_ECONOMIZER,A-ECO-03,ECONOMIZER,WS_TEMP_IN,IP 수·증기측 입구온도,AI,REAL,K,M,M,A,DynamicExchangerWaterSteamFlueGases.ws_temp_in,MODEL,N/A,,INFO,500,N,decreases with thermal lag,https://ep.liu.se/konferensartikel.aspx?Article_No=46&issue=132&series=,HX count [M]; exact ECO-03 allocation/order [A]
TSP.HRSG.ECO-03.WS_TEMP_OUT,Thermo VPP,HRSG,IP_ECONOMIZER,A-ECO-03,ECONOMIZER,WS_TEMP_OUT,IP 수·증기측 출구온도,AI,REAL,K,M,M,A,DynamicExchangerWaterSteamFlueGases.ws_temp_out,MODEL,N/A,,INFO,500,N,decreases with thermal lag,https://ep.liu.se/konferensartikel.aspx?Article_No=46&issue=132&series=,HX count [M]; exact ECO-03 allocation/order [A]
TSP.HRSG.ECO-03.WS_PRESS_IN,Thermo VPP,HRSG,IP_ECONOMIZER,A-ECO-03,ECONOMIZER,WS_PRESS_IN,IP 수·증기측 입구압력,AI,REAL,Pa,M,M,A,DynamicExchangerWaterSteamFlueGases.ws_press_in,MODEL,N/A,,INFO,500,N,model response,https://ep.liu.se/konferensartikel.aspx?Article_No=46&issue=132&series=,HX count [M]; exact ECO-03 allocation/order [A]
TSP.HRSG.ECO-03.WS_PRESS_OUT,Thermo VPP,HRSG,IP_ECONOMIZER,A-ECO-03,ECONOMIZER,WS_PRESS_OUT,IP 수·증기측 출구압력,AI,REAL,Pa,M,M,A,DynamicExchangerWaterSteamFlueGases.ws_press_out,MODEL,N/A,,INFO,500,N,model response,https://ep.liu.se/konferensartikel.aspx?Article_No=46&issue=132&series=,HX count [M]; exact ECO-03 allocation/order [A]
TSP.HRSG.ECO-03.WS_MASS_FLOW,Thermo VPP,HRSG,IP_ECONOMIZER,A-ECO-03,ECONOMIZER,WS_MASS_FLOW,IP 수·증기측 질량유량,AI,REAL,t/h,M,M,A,DynamicExchangerWaterSteamFlueGases.ws_mass_flow,MODEL,N/A,,INFO,500,N,model response,https://ep.liu.se/konferensartikel.aspx?Article_No=46&issue=132&series=,HX count [M]; exact ECO-03 allocation/order [A]; Published mass-flow boundary uses t/h with exact ×3.6 conversion.
TSP.HRSG.ECO-04.Q_THERMAL,Thermo VPP,HRSG,IP_ECONOMIZER,A-ECO-04,ECONOMIZER,Q_THERMAL,IP 열교환 열량,AI,REAL,W,M,M,A,DynamicExchangerWaterSteamFlueGases.q_thermal,MODEL,N/A,,INFO,500,N,decreases with thermal lag,https://ep.liu.se/konferensartikel.aspx?Article_No=46&issue=132&series=,HX count [M]; exact ECO-04 allocation/order [A]
TSP.HRSG.ECO-04.FG_TEMP_IN,Thermo VPP,HRSG,IP_ECONOMIZER,A-ECO-04,ECONOMIZER,FG_TEMP_IN,IP 배기가스 입구온도,AI,REAL,K,M,M,A,DynamicExchangerWaterSteamFlueGases.fg_temp_in,MODEL,N/A,,INFO,500,N,decreases with thermal lag,https://ep.liu.se/konferensartikel.aspx?Article_No=46&issue=132&series=,HX count [M]; exact ECO-04 allocation/order [A]
TSP.HRSG.ECO-04.FG_TEMP_OUT,Thermo VPP,HRSG,IP_ECONOMIZER,A-ECO-04,ECONOMIZER,FG_TEMP_OUT,IP 배기가스 출구온도,AI,REAL,K,M,M,A,DynamicExchangerWaterSteamFlueGases.fg_temp_out,MODEL,N/A,,INFO,500,N,decreases with thermal lag,https://ep.liu.se/konferensartikel.aspx?Article_No=46&issue=132&series=,HX count [M]; exact ECO-04 allocation/order [A]
TSP.HRSG.ECO-04.WS_TEMP_IN,Thermo VPP,HRSG,IP_ECONOMIZER,A-ECO-04,ECONOMIZER,WS_TEMP_IN,IP 수·증기측 입구온도,AI,REAL,K,M,M,A,DynamicExchangerWaterSteamFlueGases.ws_temp_in,MODEL,N/A,,INFO,500,N,decreases with thermal lag,https://ep.liu.se/konferensartikel.aspx?Article_No=46&issue=132&series=,HX count [M]; exact ECO-04 allocation/order [A]
TSP.HRSG.ECO-04.WS_TEMP_OUT,Thermo VPP,HRSG,IP_ECONOMIZER,A-ECO-04,ECONOMIZER,WS_TEMP_OUT,IP 수·증기측 출구온도,AI,REAL,K,M,M,A,DynamicExchangerWaterSteamFlueGases.ws_temp_out,MODEL,N/A,,INFO,500,N,decreases with thermal lag,https://ep.liu.se/konferensartikel.aspx?Article_No=46&issue=132&series=,HX count [M]; exact ECO-04 allocation/order [A]
TSP.HRSG.ECO-04.WS_PRESS_IN,Thermo VPP,HRSG,IP_ECONOMIZER,A-ECO-04,ECONOMIZER,WS_PRESS_IN,IP 수·증기측 입구압력,AI,REAL,Pa,M,M,A,DynamicExchangerWaterSteamFlueGases.ws_press_in,MODEL,N/A,,INFO,500,N,model response,https://ep.liu.se/konferensartikel.aspx?Article_No=46&issue=132&series=,HX count [M]; exact ECO-04 allocation/order [A]
TSP.HRSG.ECO-04.WS_PRESS_OUT,Thermo VPP,HRSG,IP_ECONOMIZER,A-ECO-04,ECONOMIZER,WS_PRESS_OUT,IP 수·증기측 출구압력,AI,REAL,Pa,M,M,A,DynamicExchangerWaterSteamFlueGases.ws_press_out,MODEL,N/A,,INFO,500,N,model response,https://ep.liu.se/konferensartikel.aspx?Article_No=46&issue=132&series=,HX count [M]; exact ECO-04 allocation/order [A]
TSP.HRSG.ECO-04.WS_MASS_FLOW,Thermo VPP,HRSG,IP_ECONOMIZER,A-ECO-04,ECONOMIZER,WS_MASS_FLOW,IP 수·증기측 질량유량,AI,REAL,t/h,M,M,A,DynamicExchangerWaterSteamFlueGases.ws_mass_flow,MODEL,N/A,,INFO,500,N,model response,https://ep.liu.se/konferensartikel.aspx?Article_No=46&issue=132&series=,HX count [M]; exact ECO-04 allocation/order [A]; Published mass-flow boundary uses t/h with exact ×3.6 conversion.
TSP.HRSG.ECO-05.Q_THERMAL,Thermo VPP,HRSG,LP_ECONOMIZER,A-ECO-05,ECONOMIZER,Q_THERMAL,LP 열교환 열량,AI,REAL,W,M,M,A,DynamicExchangerWaterSteamFlueGases.q_thermal,MODEL,N/A,,INFO,500,N,decreases with thermal lag,https://ep.liu.se/konferensartikel.aspx?Article_No=46&issue=132&series=,HX count [M]; exact ECO-05 allocation/order [A]
TSP.HRSG.ECO-05.FG_TEMP_IN,Thermo VPP,HRSG,LP_ECONOMIZER,A-ECO-05,ECONOMIZER,FG_TEMP_IN,LP 배기가스 입구온도,AI,REAL,K,M,M,A,DynamicExchangerWaterSteamFlueGases.fg_temp_in,MODEL,N/A,,INFO,500,N,decreases with thermal lag,https://ep.liu.se/konferensartikel.aspx?Article_No=46&issue=132&series=,HX count [M]; exact ECO-05 allocation/order [A]
TSP.HRSG.ECO-05.FG_TEMP_OUT,Thermo VPP,HRSG,LP_ECONOMIZER,A-ECO-05,ECONOMIZER,FG_TEMP_OUT,LP 배기가스 출구온도,AI,REAL,K,M,M,A,DynamicExchangerWaterSteamFlueGases.fg_temp_out,MODEL,N/A,,INFO,500,N,decreases with thermal lag,https://ep.liu.se/konferensartikel.aspx?Article_No=46&issue=132&series=,HX count [M]; exact ECO-05 allocation/order [A]
TSP.HRSG.ECO-05.WS_TEMP_IN,Thermo VPP,HRSG,LP_ECONOMIZER,A-ECO-05,ECONOMIZER,WS_TEMP_IN,LP 수·증기측 입구온도,AI,REAL,K,M,M,A,DynamicExchangerWaterSteamFlueGases.ws_temp_in,MODEL,N/A,,INFO,500,N,decreases with thermal lag,https://ep.liu.se/konferensartikel.aspx?Article_No=46&issue=132&series=,HX count [M]; exact ECO-05 allocation/order [A]
TSP.HRSG.ECO-05.WS_TEMP_OUT,Thermo VPP,HRSG,LP_ECONOMIZER,A-ECO-05,ECONOMIZER,WS_TEMP_OUT,LP 수·증기측 출구온도,AI,REAL,K,M,M,A,DynamicExchangerWaterSteamFlueGases.ws_temp_out,MODEL,N/A,,INFO,500,N,decreases with thermal lag,https://ep.liu.se/konferensartikel.aspx?Article_No=46&issue=132&series=,HX count [M]; exact ECO-05 allocation/order [A]
TSP.HRSG.ECO-05.WS_PRESS_IN,Thermo VPP,HRSG,LP_ECONOMIZER,A-ECO-05,ECONOMIZER,WS_PRESS_IN,LP 수·증기측 입구압력,AI,REAL,Pa,M,M,A,DynamicExchangerWaterSteamFlueGases.ws_press_in,MODEL,N/A,,INFO,500,N,model response,https://ep.liu.se/konferensartikel.aspx?Article_No=46&issue=132&series=,HX count [M]; exact ECO-05 allocation/order [A]
TSP.HRSG.ECO-05.WS_PRESS_OUT,Thermo VPP,HRSG,LP_ECONOMIZER,A-ECO-05,ECONOMIZER,WS_PRESS_OUT,LP 수·증기측 출구압력,AI,REAL,Pa,M,M,A,DynamicExchangerWaterSteamFlueGases.ws_press_out,MODEL,N/A,,INFO,500,N,model response,https://ep.liu.se/konferensartikel.aspx?Article_No=46&issue=132&series=,HX count [M]; exact ECO-05 allocation/order [A]
TSP.HRSG.ECO-05.WS_MASS_FLOW,Thermo VPP,HRSG,LP_ECONOMIZER,A-ECO-05,ECONOMIZER,WS_MASS_FLOW,LP 수·증기측 질량유량,AI,REAL,t/h,M,M,A,DynamicExchangerWaterSteamFlueGases.ws_mass_flow,MODEL,N/A,,INFO,500,N,model response,https://ep.liu.se/konferensartikel.aspx?Article_No=46&issue=132&series=,HX count [M]; exact ECO-05 allocation/order [A]; Published mass-flow boundary uses t/h with exact ×3.6 conversion.
TSP.HRSG.ECO-06.Q_THERMAL,Thermo VPP,HRSG,LP_ECONOMIZER,A-ECO-06,ECONOMIZER,Q_THERMAL,LP 열교환 열량,AI,REAL,W,M,M,A,DynamicExchangerWaterSteamFlueGases.q_thermal,MODEL,N/A,,INFO,500,N,decreases with thermal lag,https://ep.liu.se/konferensartikel.aspx?Article_No=46&issue=132&series=,HX count [M]; exact ECO-06 allocation/order [A]
TSP.HRSG.ECO-06.FG_TEMP_IN,Thermo VPP,HRSG,LP_ECONOMIZER,A-ECO-06,ECONOMIZER,FG_TEMP_IN,LP 배기가스 입구온도,AI,REAL,K,M,M,A,DynamicExchangerWaterSteamFlueGases.fg_temp_in,MODEL,N/A,,INFO,500,N,decreases with thermal lag,https://ep.liu.se/konferensartikel.aspx?Article_No=46&issue=132&series=,HX count [M]; exact ECO-06 allocation/order [A]
TSP.HRSG.ECO-06.FG_TEMP_OUT,Thermo VPP,HRSG,LP_ECONOMIZER,A-ECO-06,ECONOMIZER,FG_TEMP_OUT,LP 배기가스 출구온도,AI,REAL,K,M,M,A,DynamicExchangerWaterSteamFlueGases.fg_temp_out,MODEL,N/A,,INFO,500,N,decreases with thermal lag,https://ep.liu.se/konferensartikel.aspx?Article_No=46&issue=132&series=,HX count [M]; exact ECO-06 allocation/order [A]
TSP.HRSG.ECO-06.WS_TEMP_IN,Thermo VPP,HRSG,LP_ECONOMIZER,A-ECO-06,ECONOMIZER,WS_TEMP_IN,LP 수·증기측 입구온도,AI,REAL,K,M,M,A,DynamicExchangerWaterSteamFlueGases.ws_temp_in,MODEL,N/A,,INFO,500,N,decreases with thermal lag,https://ep.liu.se/konferensartikel.aspx?Article_No=46&issue=132&series=,HX count [M]; exact ECO-06 allocation/order [A]
TSP.HRSG.ECO-06.WS_TEMP_OUT,Thermo VPP,HRSG,LP_ECONOMIZER,A-ECO-06,ECONOMIZER,WS_TEMP_OUT,LP 수·증기측 출구온도,AI,REAL,K,M,M,A,DynamicExchangerWaterSteamFlueGases.ws_temp_out,MODEL,N/A,,INFO,500,N,decreases with thermal lag,https://ep.liu.se/konferensartikel.aspx?Article_No=46&issue=132&series=,HX count [M]; exact ECO-06 allocation/order [A]
TSP.HRSG.ECO-06.WS_PRESS_IN,Thermo VPP,HRSG,LP_ECONOMIZER,A-ECO-06,ECONOMIZER,WS_PRESS_IN,LP 수·증기측 입구압력,AI,REAL,Pa,M,M,A,DynamicExchangerWaterSteamFlueGases.ws_press_in,MODEL,N/A,,INFO,500,N,model response,https://ep.liu.se/konferensartikel.aspx?Article_No=46&issue=132&series=,HX count [M]; exact ECO-06 allocation/order [A]
TSP.HRSG.ECO-06.WS_PRESS_OUT,Thermo VPP,HRSG,LP_ECONOMIZER,A-ECO-06,ECONOMIZER,WS_PRESS_OUT,LP 수·증기측 출구압력,AI,REAL,Pa,M,M,A,DynamicExchangerWaterSteamFlueGases.ws_press_out,MODEL,N/A,,INFO,500,N,model response,https://ep.liu.se/konferensartikel.aspx?Article_No=46&issue=132&series=,HX count [M]; exact ECO-06 allocation/order [A]
TSP.HRSG.ECO-06.WS_MASS_FLOW,Thermo VPP,HRSG,LP_ECONOMIZER,A-ECO-06,ECONOMIZER,WS_MASS_FLOW,LP 수·증기측 질량유량,AI,REAL,t/h,M,M,A,DynamicExchangerWaterSteamFlueGases.ws_mass_flow,MODEL,N/A,,INFO,500,N,model response,https://ep.liu.se/konferensartikel.aspx?Article_No=46&issue=132&series=,HX count [M]; exact ECO-06 allocation/order [A]; Published mass-flow boundary uses t/h with exact ×3.6 conversion.
TSP.DRUM.HP.PRESS,Thermo VPP,HRSG,HP_DRUM,A-V-HP-101,DynamicDrum,PRESS,HP 드럼 압력,AI,REAL,Pa,M,M,A,DynamicDrum.press,A:12.0 MPa,N/A,,INFO,100,N,decreases after GT trip,https://ep.liu.se/konferensartikel.aspx?Article_No=46&issue=132&series=,Drum and drum-level control existence [M]; tag/setpoint [A/T]
TSP.DRUM.HP.LEVEL,Thermo VPP,HRSG,HP_DRUM,A-V-HP-101,DynamicDrum,LEVEL,HP 드럼 수위,AI,REAL,%,M,M,A,DynamicDrum.level,A:0 % deviation,N/A,,INFO,100,N,transient response,https://ep.liu.se/konferensartikel.aspx?Article_No=46&issue=132&series=,Drum and drum-level control existence [M]; tag/setpoint [A/T]
TSP.DRUM.HP.TEMP,Thermo VPP,HRSG,HP_DRUM,A-V-HP-101,DynamicDrum,TEMP,HP 드럼 온도,AI,REAL,K,M,M,A,DynamicDrum.temp,MODEL,N/A,,INFO,100,N,transient response,https://ep.liu.se/konferensartikel.aspx?Article_No=46&issue=132&series=,Drum and drum-level control existence [M]; tag/setpoint [A/T]
TSP.DRUM.HP.MASS_LIQ,Thermo VPP,HRSG,HP_DRUM,A-V-HP-101,DynamicDrum,MASS_LIQ,HP 드럼 액상 질량,AI,REAL,kg,M,M,A,DynamicDrum.mass_liq,MODEL,N/A,,INFO,100,N,transient response,https://ep.liu.se/konferensartikel.aspx?Article_No=46&issue=132&series=,Drum and drum-level control existence [M]; tag/setpoint [A/T]
TSP.DRUM.HP.MASS_STEAM,Thermo VPP,HRSG,HP_DRUM,A-V-HP-101,DynamicDrum,MASS_STEAM,HP 드럼 증기질량,AI,REAL,kg,M,M,A,DynamicDrum.mass_steam,MODEL,N/A,,INFO,100,N,transient response,https://ep.liu.se/konferensartikel.aspx?Article_No=46&issue=132&series=,Drum and drum-level control existence [M]; tag/setpoint [A/T]
TSP.DRUM.HP.FW_FLOW,Thermo VPP,HRSG,HP_DRUM,A-V-HP-101,DynamicDrum,FW_FLOW,HP 드럼 급수유량,AI,REAL,t/h,M,M,A,DynamicDrum.fw_flow,MODEL,N/A,,INFO,100,N,transient response,https://ep.liu.se/konferensartikel.aspx?Article_No=46&issue=132&series=,Drum and drum-level control existence [M]; tag/setpoint [A/T]; Published mass-flow boundary uses t/h with exact ×3.6 conversion.
TSP.DRUM.HP.STEAM_FLOW,Thermo VPP,HRSG,HP_DRUM,A-V-HP-101,DynamicDrum,STEAM_FLOW,HP 드럼 발생증기유량,AI,REAL,t/h,M,M,A,DynamicDrum.steam_flow,MODEL,N/A,,INFO,100,N,decreases after GT trip,https://ep.liu.se/konferensartikel.aspx?Article_No=46&issue=132&series=,Drum and drum-level control existence [M]; tag/setpoint [A/T]; Published mass-flow boundary uses t/h with exact ×3.6 conversion.
TSP.DRUM.HP.RECIRC_FLOW,Thermo VPP,HRSG,HP_DRUM,A-V-HP-101,DynamicDrum,RECIRC_FLOW,HP 증발기 순환유량,AI,REAL,t/h,M,M,A,DynamicDrum.recirc_flow,MODEL,N/A,,INFO,100,N,transient response,https://ep.liu.se/konferensartikel.aspx?Article_No=46&issue=132&series=,Drum and drum-level control existence [M]; tag/setpoint [A/T]; Published mass-flow boundary uses t/h with exact ×3.6 conversion.
TSP.DRUM.HP.LIC_OUT,Thermo VPP,HRSG,HP_DRUM,A-V-HP-101,DynamicDrum,LIC_OUT,HP 드럼 수위조절기 출력,AO,REAL,%,M,M,A,DynamicDrum.lic_out,MODEL,N/A,,INFO,100,N,transient response,https://ep.liu.se/konferensartikel.aspx?Article_No=46&issue=132&series=,Drum and drum-level control existence [M]; tag/setpoint [A/T]
TSP.DRUM.IP.PRESS,Thermo VPP,HRSG,IP_DRUM,A-V-IP-201,DynamicDrum,PRESS,IP 드럼 압력,AI,REAL,Pa,M,M,A,DynamicDrum.press,A:3.0 MPa,N/A,,INFO,100,N,decreases after GT trip,https://ep.liu.se/konferensartikel.aspx?Article_No=46&issue=132&series=,Drum and drum-level control existence [M]; tag/setpoint [A/T]
TSP.DRUM.IP.LEVEL,Thermo VPP,HRSG,IP_DRUM,A-V-IP-201,DynamicDrum,LEVEL,IP 드럼 수위,AI,REAL,%,M,M,A,DynamicDrum.level,A:0 % deviation,N/A,,INFO,100,N,transient response,https://ep.liu.se/konferensartikel.aspx?Article_No=46&issue=132&series=,Drum and drum-level control existence [M]; tag/setpoint [A/T]
TSP.DRUM.IP.TEMP,Thermo VPP,HRSG,IP_DRUM,A-V-IP-201,DynamicDrum,TEMP,IP 드럼 온도,AI,REAL,K,M,M,A,DynamicDrum.temp,MODEL,N/A,,INFO,100,N,transient response,https://ep.liu.se/konferensartikel.aspx?Article_No=46&issue=132&series=,Drum and drum-level control existence [M]; tag/setpoint [A/T]
TSP.DRUM.IP.MASS_LIQ,Thermo VPP,HRSG,IP_DRUM,A-V-IP-201,DynamicDrum,MASS_LIQ,IP 드럼 액상 질량,AI,REAL,kg,M,M,A,DynamicDrum.mass_liq,MODEL,N/A,,INFO,100,N,transient response,https://ep.liu.se/konferensartikel.aspx?Article_No=46&issue=132&series=,Drum and drum-level control existence [M]; tag/setpoint [A/T]
TSP.DRUM.IP.MASS_STEAM,Thermo VPP,HRSG,IP_DRUM,A-V-IP-201,DynamicDrum,MASS_STEAM,IP 드럼 증기질량,AI,REAL,kg,M,M,A,DynamicDrum.mass_steam,MODEL,N/A,,INFO,100,N,transient response,https://ep.liu.se/konferensartikel.aspx?Article_No=46&issue=132&series=,Drum and drum-level control existence [M]; tag/setpoint [A/T]
TSP.DRUM.IP.FW_FLOW,Thermo VPP,HRSG,IP_DRUM,A-V-IP-201,DynamicDrum,FW_FLOW,IP 드럼 급수유량,AI,REAL,t/h,M,M,A,DynamicDrum.fw_flow,MODEL,N/A,,INFO,100,N,transient response,https://ep.liu.se/konferensartikel.aspx?Article_No=46&issue=132&series=,Drum and drum-level control existence [M]; tag/setpoint [A/T]; Published mass-flow boundary uses t/h with exact ×3.6 conversion.
TSP.DRUM.IP.STEAM_FLOW,Thermo VPP,HRSG,IP_DRUM,A-V-IP-201,DynamicDrum,STEAM_FLOW,IP 드럼 발생증기유량,AI,REAL,t/h,M,M,A,DynamicDrum.steam_flow,MODEL,N/A,,INFO,100,N,decreases after GT trip,https://ep.liu.se/konferensartikel.aspx?Article_No=46&issue=132&series=,Drum and drum-level control existence [M]; tag/setpoint [A/T]; Published mass-flow boundary uses t/h with exact ×3.6 conversion.
TSP.DRUM.IP.RECIRC_FLOW,Thermo VPP,HRSG,IP_DRUM,A-V-IP-201,DynamicDrum,RECIRC_FLOW,IP 증발기 순환유량,AI,REAL,t/h,M,M,A,DynamicDrum.recirc_flow,MODEL,N/A,,INFO,100,N,transient response,https://ep.liu.se/konferensartikel.aspx?Article_No=46&issue=132&series=,Drum and drum-level control existence [M]; tag/setpoint [A/T]; Published mass-flow boundary uses t/h with exact ×3.6 conversion.
TSP.DRUM.IP.LIC_OUT,Thermo VPP,HRSG,IP_DRUM,A-V-IP-201,DynamicDrum,LIC_OUT,IP 드럼 수위조절기 출력,AO,REAL,%,M,M,A,DynamicDrum.lic_out,MODEL,N/A,,INFO,100,N,transient response,https://ep.liu.se/konferensartikel.aspx?Article_No=46&issue=132&series=,Drum and drum-level control existence [M]; tag/setpoint [A/T]
TSP.DRUM.LP.PRESS,Thermo VPP,HRSG,LP_DRUM,A-V-LP-301,DynamicDrum,PRESS,LP 드럼 압력,AI,REAL,Pa,M,M,A,DynamicDrum.press,A:0.5 MPa,N/A,,INFO,100,N,decreases after GT trip,https://ep.liu.se/konferensartikel.aspx?Article_No=46&issue=132&series=,Drum and drum-level control existence [M]; tag/setpoint [A/T]
TSP.DRUM.LP.LEVEL,Thermo VPP,HRSG,LP_DRUM,A-V-LP-301,DynamicDrum,LEVEL,LP 드럼 수위,AI,REAL,%,M,M,A,DynamicDrum.level,A:0 % deviation,N/A,,INFO,100,N,transient response,https://ep.liu.se/konferensartikel.aspx?Article_No=46&issue=132&series=,Drum and drum-level control existence [M]; tag/setpoint [A/T]
TSP.DRUM.LP.TEMP,Thermo VPP,HRSG,LP_DRUM,A-V-LP-301,DynamicDrum,TEMP,LP 드럼 온도,AI,REAL,K,M,M,A,DynamicDrum.temp,MODEL,N/A,,INFO,100,N,transient response,https://ep.liu.se/konferensartikel.aspx?Article_No=46&issue=132&series=,Drum and drum-level control existence [M]; tag/setpoint [A/T]
TSP.DRUM.LP.MASS_LIQ,Thermo VPP,HRSG,LP_DRUM,A-V-LP-301,DynamicDrum,MASS_LIQ,LP 드럼 액상 질량,AI,REAL,kg,M,M,A,DynamicDrum.mass_liq,MODEL,N/A,,INFO,100,N,transient response,https://ep.liu.se/konferensartikel.aspx?Article_No=46&issue=132&series=,Drum and drum-level control existence [M]; tag/setpoint [A/T]
TSP.DRUM.LP.MASS_STEAM,Thermo VPP,HRSG,LP_DRUM,A-V-LP-301,DynamicDrum,MASS_STEAM,LP 드럼 증기질량,AI,REAL,kg,M,M,A,DynamicDrum.mass_steam,MODEL,N/A,,INFO,100,N,transient response,https://ep.liu.se/konferensartikel.aspx?Article_No=46&issue=132&series=,Drum and drum-level control existence [M]; tag/setpoint [A/T]
TSP.DRUM.LP.FW_FLOW,Thermo VPP,HRSG,LP_DRUM,A-V-LP-301,DynamicDrum,FW_FLOW,LP 드럼 급수유량,AI,REAL,t/h,M,M,A,DynamicDrum.fw_flow,MODEL,N/A,,INFO,100,N,transient response,https://ep.liu.se/konferensartikel.aspx?Article_No=46&issue=132&series=,Drum and drum-level control existence [M]; tag/setpoint [A/T]; Published mass-flow boundary uses t/h with exact ×3.6 conversion.
TSP.DRUM.LP.STEAM_FLOW,Thermo VPP,HRSG,LP_DRUM,A-V-LP-301,DynamicDrum,STEAM_FLOW,LP 드럼 발생증기유량,AI,REAL,t/h,M,M,A,DynamicDrum.steam_flow,MODEL,N/A,,INFO,100,N,decreases after GT trip,https://ep.liu.se/konferensartikel.aspx?Article_No=46&issue=132&series=,Drum and drum-level control existence [M]; tag/setpoint [A/T]; Published mass-flow boundary uses t/h with exact ×3.6 conversion.
TSP.DRUM.LP.RECIRC_FLOW,Thermo VPP,HRSG,LP_DRUM,A-V-LP-301,DynamicDrum,RECIRC_FLOW,LP 증발기 순환유량,AI,REAL,t/h,M,M,A,DynamicDrum.recirc_flow,MODEL,N/A,,INFO,100,N,transient response,https://ep.liu.se/konferensartikel.aspx?Article_No=46&issue=132&series=,Drum and drum-level control existence [M]; tag/setpoint [A/T]; Published mass-flow boundary uses t/h with exact ×3.6 conversion.
TSP.DRUM.LP.LIC_OUT,Thermo VPP,HRSG,LP_DRUM,A-V-LP-301,DynamicDrum,LIC_OUT,LP 드럼 수위조절기 출력,AO,REAL,%,M,M,A,DynamicDrum.lic_out,MODEL,N/A,,INFO,100,N,transient response,https://ep.liu.se/konferensartikel.aspx?Article_No=46&issue=132&series=,Drum and drum-level control existence [M]; tag/setpoint [A/T]
TSP.ST.HP.PRESS_IN,Thermo VPP,ST,HP_TURBINE,A-ST-HP-101,StodolaTurbine,PRESS_IN,HP 터빈 입구압력,AI,REAL,Pa,M,M,A,StodolaTurbine.press_in,MODEL,N/A,,INFO,100,N,model response,https://ep.liu.se/konferensartikel.aspx?Article_No=46&issue=132&series=,Stage presence [M]; equipment tag and valve mapping [A]
TSP.ST.HP.TEMP_IN,Thermo VPP,ST,HP_TURBINE,A-ST-HP-101,StodolaTurbine,TEMP_IN,HP 터빈 입구온도,AI,REAL,K,M,M,A,StodolaTurbine.temp_in,MODEL,N/A,,INFO,100,N,model response,https://ep.liu.se/konferensartikel.aspx?Article_No=46&issue=132&series=,Stage presence [M]; equipment tag and valve mapping [A]
TSP.ST.HP.H_IN,Thermo VPP,ST,HP_TURBINE,A-ST-HP-101,StodolaTurbine,H_IN,HP 터빈 입구 비엔탈피,AI,REAL,J/kg,M,M,A,StodolaTurbine.h_in,MODEL,N/A,,INFO,100,N,model response,https://ep.liu.se/konferensartikel.aspx?Article_No=46&issue=132&series=,Stage presence [M]; equipment tag and valve mapping [A]
TSP.ST.HP.PRESS_OUT,Thermo VPP,ST,HP_TURBINE,A-ST-HP-101,StodolaTurbine,PRESS_OUT,HP 터빈 출구압력,AI,REAL,Pa,M,M,A,StodolaTurbine.press_out,MODEL,N/A,,INFO,100,N,model response,https://ep.liu.se/konferensartikel.aspx?Article_No=46&issue=132&series=,Stage presence [M]; equipment tag and valve mapping [A]
TSP.ST.HP.TEMP_OUT,Thermo VPP,ST,HP_TURBINE,A-ST-HP-101,StodolaTurbine,TEMP_OUT,HP 터빈 출구온도,AI,REAL,K,M,M,A,StodolaTurbine.temp_out,MODEL,N/A,,INFO,100,N,model response,https://ep.liu.se/konferensartikel.aspx?Article_No=46&issue=132&series=,Stage presence [M]; equipment tag and valve mapping [A]
TSP.ST.HP.H_OUT,Thermo VPP,ST,HP_TURBINE,A-ST-HP-101,StodolaTurbine,H_OUT,HP 터빈 출구 비엔탈피,AI,REAL,J/kg,M,M,A,StodolaTurbine.h_out,MODEL,N/A,,INFO,100,N,model response,https://ep.liu.se/konferensartikel.aspx?Article_No=46&issue=132&series=,Stage presence [M]; equipment tag and valve mapping [A]
TSP.ST.HP.MASS_FLOW,Thermo VPP,ST,HP_TURBINE,A-ST-HP-101,StodolaTurbine,MASS_FLOW,HP 터빈 증기 질량유량,AI,REAL,t/h,M,M,A,vppHPTurbineSteamFlowTH,MODEL,N/A,,INFO,100,N,decreases after steam decay,https://ep.liu.se/konferensartikel.aspx?Article_No=46&issue=132&series=,Stage presence [M]; equipment tag and valve mapping [A]; Published mass-flow boundary uses t/h with exact ×3.6 conversion.
TSP.ST.HP.MECH_POWER,Thermo VPP,ST,HP_TURBINE,A-ST-HP-101,StodolaTurbine,MECH_POWER,HP 터빈 기계출력,AI,REAL,W,M,M,A,StodolaTurbine.mech_power,part of 277 MW ST total,N/A,,INFO,100,N,decreases after steam decay,https://ep.liu.se/konferensartikel.aspx?Article_No=46&issue=132&series=,Stage presence [M]; equipment tag and valve mapping [A]
TSP.ST.HP.EFF_IS,Thermo VPP,ST,HP_TURBINE,A-ST-HP-101,StodolaTurbine,EFF_IS,HP 터빈 등엔트로피 효율,AI,REAL,%,M,M,A,StodolaTurbine.eff_is,MODEL,N/A,,INFO,100,N,model response,https://ep.liu.se/konferensartikel.aspx?Article_No=46&issue=132&series=,Stage presence [M]; equipment tag and valve mapping [A]
TSP.ST.IP.PRESS_IN,Thermo VPP,ST,IP_TURBINE,A-ST-IP-201,StodolaTurbine,PRESS_IN,IP 터빈 입구압력,AI,REAL,Pa,M,M,A,StodolaTurbine.press_in,MODEL,N/A,,INFO,100,N,model response,https://ep.liu.se/konferensartikel.aspx?Article_No=46&issue=132&series=,Stage presence [M]; equipment tag and valve mapping [A]
TSP.ST.IP.TEMP_IN,Thermo VPP,ST,IP_TURBINE,A-ST-IP-201,StodolaTurbine,TEMP_IN,IP 터빈 입구온도,AI,REAL,K,M,M,A,StodolaTurbine.temp_in,MODEL,N/A,,INFO,100,N,model response,https://ep.liu.se/konferensartikel.aspx?Article_No=46&issue=132&series=,Stage presence [M]; equipment tag and valve mapping [A]
TSP.ST.IP.H_IN,Thermo VPP,ST,IP_TURBINE,A-ST-IP-201,StodolaTurbine,H_IN,IP 터빈 입구 비엔탈피,AI,REAL,J/kg,M,M,A,StodolaTurbine.h_in,MODEL,N/A,,INFO,100,N,model response,https://ep.liu.se/konferensartikel.aspx?Article_No=46&issue=132&series=,Stage presence [M]; equipment tag and valve mapping [A]
TSP.ST.IP.PRESS_OUT,Thermo VPP,ST,IP_TURBINE,A-ST-IP-201,StodolaTurbine,PRESS_OUT,IP 터빈 출구압력,AI,REAL,Pa,M,M,A,StodolaTurbine.press_out,MODEL,N/A,,INFO,100,N,model response,https://ep.liu.se/konferensartikel.aspx?Article_No=46&issue=132&series=,Stage presence [M]; equipment tag and valve mapping [A]
TSP.ST.IP.TEMP_OUT,Thermo VPP,ST,IP_TURBINE,A-ST-IP-201,StodolaTurbine,TEMP_OUT,IP 터빈 출구온도,AI,REAL,K,M,M,A,StodolaTurbine.temp_out,MODEL,N/A,,INFO,100,N,model response,https://ep.liu.se/konferensartikel.aspx?Article_No=46&issue=132&series=,Stage presence [M]; equipment tag and valve mapping [A]
TSP.ST.IP.H_OUT,Thermo VPP,ST,IP_TURBINE,A-ST-IP-201,StodolaTurbine,H_OUT,IP 터빈 출구 비엔탈피,AI,REAL,J/kg,M,M,A,StodolaTurbine.h_out,MODEL,N/A,,INFO,100,N,model response,https://ep.liu.se/konferensartikel.aspx?Article_No=46&issue=132&series=,Stage presence [M]; equipment tag and valve mapping [A]
TSP.ST.IP.MASS_FLOW,Thermo VPP,ST,IP_TURBINE,A-ST-IP-201,StodolaTurbine,MASS_FLOW,IP 터빈 증기 질량유량,AI,REAL,t/h,M,M,A,vppIPTurbineSteamFlowTH,MODEL,N/A,,INFO,100,N,decreases after steam decay,https://ep.liu.se/konferensartikel.aspx?Article_No=46&issue=132&series=,Stage presence [M]; equipment tag and valve mapping [A]; Published mass-flow boundary uses t/h with exact ×3.6 conversion.
TSP.ST.IP.MECH_POWER,Thermo VPP,ST,IP_TURBINE,A-ST-IP-201,StodolaTurbine,MECH_POWER,IP 터빈 기계출력,AI,REAL,W,M,M,A,StodolaTurbine.mech_power,MODEL,N/A,,INFO,100,N,decreases after steam decay,https://ep.liu.se/konferensartikel.aspx?Article_No=46&issue=132&series=,Stage presence [M]; equipment tag and valve mapping [A]
TSP.ST.IP.EFF_IS,Thermo VPP,ST,IP_TURBINE,A-ST-IP-201,StodolaTurbine,EFF_IS,IP 터빈 등엔트로피 효율,AI,REAL,%,M,M,A,StodolaTurbine.eff_is,MODEL,N/A,,INFO,100,N,model response,https://ep.liu.se/konferensartikel.aspx?Article_No=46&issue=132&series=,Stage presence [M]; equipment tag and valve mapping [A]
TSP.ST.LP.PRESS_IN,Thermo VPP,ST,LP_TURBINE,A-ST-LP-301,StodolaTurbine,PRESS_IN,LP 터빈 입구압력,AI,REAL,Pa,M,M,A,StodolaTurbine.press_in,MODEL,N/A,,INFO,100,N,model response,https://ep.liu.se/konferensartikel.aspx?Article_No=46&issue=132&series=,Stage presence [M]; equipment tag and valve mapping [A]
TSP.ST.LP.TEMP_IN,Thermo VPP,ST,LP_TURBINE,A-ST-LP-301,StodolaTurbine,TEMP_IN,LP 터빈 입구온도,AI,REAL,K,M,M,A,StodolaTurbine.temp_in,MODEL,N/A,,INFO,100,N,model response,https://ep.liu.se/konferensartikel.aspx?Article_No=46&issue=132&series=,Stage presence [M]; equipment tag and valve mapping [A]
TSP.ST.LP.H_IN,Thermo VPP,ST,LP_TURBINE,A-ST-LP-301,StodolaTurbine,H_IN,LP 터빈 입구 비엔탈피,AI,REAL,J/kg,M,M,A,StodolaTurbine.h_in,MODEL,N/A,,INFO,100,N,model response,https://ep.liu.se/konferensartikel.aspx?Article_No=46&issue=132&series=,Stage presence [M]; equipment tag and valve mapping [A]
TSP.ST.LP.PRESS_OUT,Thermo VPP,ST,LP_TURBINE,A-ST-LP-301,StodolaTurbine,PRESS_OUT,LP 터빈 출구압력,AI,REAL,Pa,M,M,A,StodolaTurbine.press_out,MODEL,N/A,,INFO,100,N,model response,https://ep.liu.se/konferensartikel.aspx?Article_No=46&issue=132&series=,Stage presence [M]; equipment tag and valve mapping [A]
TSP.ST.LP.TEMP_OUT,Thermo VPP,ST,LP_TURBINE,A-ST-LP-301,StodolaTurbine,TEMP_OUT,LP 터빈 출구온도,AI,REAL,K,M,M,A,StodolaTurbine.temp_out,MODEL,N/A,,INFO,100,N,model response,https://ep.liu.se/konferensartikel.aspx?Article_No=46&issue=132&series=,Stage presence [M]; equipment tag and valve mapping [A]
TSP.ST.LP.H_OUT,Thermo VPP,ST,LP_TURBINE,A-ST-LP-301,StodolaTurbine,H_OUT,LP 터빈 출구 비엔탈피,AI,REAL,J/kg,M,M,A,StodolaTurbine.h_out,MODEL,N/A,,INFO,100,N,model response,https://ep.liu.se/konferensartikel.aspx?Article_No=46&issue=132&series=,Stage presence [M]; equipment tag and valve mapping [A]
TSP.ST.LP.MASS_FLOW,Thermo VPP,ST,LP_TURBINE,A-ST-LP-301,StodolaTurbine,MASS_FLOW,LP 터빈 증기 질량유량,AI,REAL,t/h,M,M,A,vppLPTurbineSteamFlowTH,MODEL,N/A,,INFO,100,N,decreases after steam decay,https://ep.liu.se/konferensartikel.aspx?Article_No=46&issue=132&series=,Stage presence [M]; equipment tag and valve mapping [A]; Published mass-flow boundary uses t/h with exact ×3.6 conversion.
TSP.ST.LP.MECH_POWER,Thermo VPP,ST,LP_TURBINE,A-ST-LP-301,StodolaTurbine,MECH_POWER,LP 터빈 기계출력,AI,REAL,W,M,M,A,StodolaTurbine.mech_power,MODEL,N/A,,INFO,100,N,decreases after steam decay,https://ep.liu.se/konferensartikel.aspx?Article_No=46&issue=132&series=,Stage presence [M]; equipment tag and valve mapping [A]
TSP.ST.LP.EFF_IS,Thermo VPP,ST,LP_TURBINE,A-ST-LP-301,StodolaTurbine,EFF_IS,LP 터빈 등엔트로피 효율,AI,REAL,%,M,M,A,StodolaTurbine.eff_is,MODEL,N/A,,INFO,100,N,model response,https://ep.liu.se/konferensartikel.aspx?Article_No=46&issue=132&series=,Stage presence [M]; equipment tag and valve mapping [A]
TSP.COND.PRESS,Thermo VPP,COND,DYNAMIC_CONDENSER,A-CD-401,DynamicCondenser,PRESS,복수기 절대압력,AI,REAL,Pa,M,M,A,DynamicCondenser.press,6100,N/A,,INFO,100,N,transient response,https://ep.liu.se/konferensartikel.aspx?Article_No=46&issue=132&series=,Condenser existence/nominal references [M]; alarm logic [T/A]
TSP.COND.LEVEL,Thermo VPP,COND,DYNAMIC_CONDENSER,A-CD-401,DynamicCondenser,LEVEL,Hotwell 수위,AI,REAL,%,M,M,A,DynamicCondenser.level,MODEL,N/A,,INFO,100,N,transient response,https://ep.liu.se/konferensartikel.aspx?Article_No=46&issue=132&series=,Condenser existence/nominal references [M]; alarm logic [T/A]
TSP.COND.STEAM_FLOW_IN,Thermo VPP,COND,DYNAMIC_CONDENSER,A-CD-401,DynamicCondenser,STEAM_FLOW_IN,복수기 유입증기량,AI,REAL,t/h,M,M,A,DynamicCondenser.steam_flow_in,MODEL,N/A,,INFO,100,N,decreases after steam decay,https://ep.liu.se/konferensartikel.aspx?Article_No=46&issue=132&series=,Condenser existence/nominal references [M]; alarm logic [T/A]; Published mass-flow boundary uses t/h with exact ×3.6 conversion.
TSP.COND.COND_FLOW_OUT,Thermo VPP,COND,DYNAMIC_CONDENSER,A-CD-401,DynamicCondenser,COND_FLOW_OUT,복수 유출량,AI,REAL,t/h,M,M,A,DynamicCondenser.cond_flow_out,MODEL,N/A,,INFO,100,N,decreases after steam decay,https://ep.liu.se/konferensartikel.aspx?Article_No=46&issue=132&series=,Condenser existence/nominal references [M]; alarm logic [T/A]; Published mass-flow boundary uses t/h with exact ×3.6 conversion.
TSP.COND.THERMAL_POWER,Thermo VPP,COND,DYNAMIC_CONDENSER,A-CD-401,DynamicCondenser,THERMAL_POWER,복수기 열부하,AI,REAL,W,M,M,A,DynamicCondenser.thermal_power,428 MW,N/A,,INFO,100,N,decreases after steam decay,https://ep.liu.se/konferensartikel.aspx?Article_No=46&issue=132&series=,Condenser existence/nominal references [M]; alarm logic [T/A]
TSP.COND.CW_TEMP_IN,Thermo VPP,COND,DYNAMIC_CONDENSER,A-CD-401,DynamicCondenser,CW_TEMP_IN,냉각수 입구온도,AI,REAL,K,M,M,A,DynamicCondenser.cw_temp_in,USER_EDIT,N/A,,INFO,100,N,transient response,https://ep.liu.se/konferensartikel.aspx?Article_No=46&issue=132&series=,Condenser existence/nominal references [M]; alarm logic [T/A]
TSP.COND.CW_TEMP_OUT,Thermo VPP,COND,DYNAMIC_CONDENSER,A-CD-401,DynamicCondenser,CW_TEMP_OUT,냉각수 출구온도,AI,REAL,K,M,M,A,DynamicCondenser.cw_temp_out,305 K,N/A,,INFO,100,N,transient response,https://ep.liu.se/konferensartikel.aspx?Article_No=46&issue=132&series=,Condenser existence/nominal references [M]; alarm logic [T/A]
TSP.COND.CW_FLOW,Thermo VPP,COND,DYNAMIC_CONDENSER,A-CD-401,DynamicCondenser,CW_FLOW,냉각수 유량,AI,REAL,t/h,M,M,A,DynamicCondenser.cw_flow,MODEL,N/A,,INFO,100,N,decreases after steam decay,https://ep.liu.se/konferensartikel.aspx?Article_No=46&issue=132&series=,Condenser existence/nominal references [M]; alarm logic [T/A]; Published mass-flow boundary uses t/h with exact ×3.6 conversion.
TSP.GEN.ACTIVE_POWER,Thermo VPP,GEN,ST_GENERATOR,A-G-401,Generator,ACTIVE_POWER,발전기 유효전력,AI,REAL,W,M,M,A,Generator.active_power,up to 277 MW ST nominal,N/A,,INFO,100,N,decreases as steam decays,https://ep.liu.se/konferensartikel.aspx?Article_No=46&issue=132&series=,Generator existence/power output [M]; electrical and SOE fields [A/T]
TSP.GEN.MECH_POWER_IN,Thermo VPP,GEN,ST_GENERATOR,A-G-401,Generator,MECH_POWER_IN,발전기 입력 기계동력,AI,REAL,W,M,M,A,Generator.mech_power_in,MODEL/USER_EDIT,N/A,,INFO,100,N,decreases as steam decays,https://ep.liu.se/konferensartikel.aspx?Article_No=46&issue=132&series=,Generator existence/power output [M]; electrical and SOE fields [A/T]
